asset,setup,t,mu_mix_pct
SPX,rollout+phist,1,0.18695347243919969
SPX,rollout+phist,2,0.18695347243919969
SPX,rollout+phist,3,0.18695347243919969
SPX,rollout+phist,4,0.18695347243919969
SPX,rollout+phist,5,0.18695347243919969
SPX,rollout+phist,6,0.18695347243919969
SPX,rollout+phist,7,0.18695347243919969
SPX,rollout+phist,8,0.1930684084072709
SPX,rollout+phist,9,0.1930684084072709
SPX,rollout+phist,10,0.1930684084072709
SPX,rollout+phist,11,0.1930684084072709
SPX,rollout+phist,12,0.1930684084072709
SPX,rollout+phist,13,0.1930684084072709
SPX,rollout+phist,14,0.1930684084072709
SPX,rollout+phist,15,0.1930684084072709
SPX,rollout+phist,16,0.1930684084072709
SPX,rollout+phist,17,0.1930684084072709
SPX,rollout+phist,18,0.1930684084072709
SPX,rollout+phist,19,0.1930684084072709
SPX,rollout+phist,20,0.1930684084072709
SPX,rollout+phist,21,0.1930684084072709
SPX,rollout+phist,22,0.1930684084072709
SPX,rollout+phist,23,0.1930684084072709
SPX,rollout+phist,24,0.1930684084072709
SPX,rollout+phist,25,0.1930684084072709
SPX,rollout+phist,26,0.1930684084072709
SPX,rollout+phist,27,0.1930684084072709
SPX,rollout+phist,28,0.1930684084072709
SPX,rollout+phist,29,0.1930684084072709
SPX,rollout+phist,30,0.1930684084072709
SPX,rollout+phist,31,0.1930684084072709
SPX,rollout+phist,32,0.1930684084072709
SPX,rollout+phist,33,0.1930684084072709
SPX,rollout+phist,34,0.1930684084072709
SPX,rollout+phist,35,0.1930684084072709
SPX,rollout+phist,36,0.1930684084072709
SPX,rollout+phist,37,0.1930684084072709
SPX,rollout+phist,38,0.1930684084072709
SPX,rollout+phist,39,0.1930684084072709
SPX,rollout+phist,40,0.1930684084072709
SPX,rollout+phist,41,0.1930684084072709
SPX,rollout+phist,42,0.1930684084072709
SPX,rollout+phist,43,0.1930684084072709
SPX,rollout+phist,44,0.1930684084072709
SPX,rollout+phist,45,0.1930684084072709
SPX,rollout+phist,46,0.1930684084072709
SPX,rollout+phist,47,0.1930684084072709
SPX,rollout+phist,48,0.1930684084072709
SPX,rollout+phist,49,0.1930684084072709
SPX,rollout+phist,50,0.1930684084072709
SPX,rollout+phist,51,0.1930684084072709
SPX,rollout+phist,52,0.1930684084072709
SPX,rollout+phist,53,0.1930684084072709
SPX,rollout+phist,54,0.1930684084072709
SPX,rollout+phist,55,0.1930684084072709
SPX,rollout+phist,56,0.1930684084072709
SPX,rollout+phist,57,0.1930684084072709
SPX,rollout+phist,58,0.1930684084072709
SPX,rollout+phist,59,0.1930684084072709
SPX,rollout+phist,60,0.1930684084072709
SPX,rollout+phist,61,0.1930684084072709
SPX,rollout+phist,62,0.1930684084072709
SPX,rollout+phist,63,0.1930684084072709
SPX,rollout+phist,64,0.1930684084072709
SPX,rollout+phist,65,0.1930684084072709
SPX,rollout+phist,66,0.1930684084072709
SPX,rollout+phist,67,0.1930684084072709
SPX,rollout+phist,68,0.1930684084072709
SPX,rollout+phist,69,0.1930684084072709
SPX,rollout+phist,70,0.1930684084072709
SPX,rollout+phist,71,0.1930684084072709
SPX,rollout+phist,72,0.1930684084072709
SPX,rollout+phist,73,0.1930684084072709
SPX,rollout+phist,74,0.1930684084072709
SPX,rollout+phist,75,0.1930684084072709
SPX,rollout+phist,76,0.1930684084072709
SPX,rollout+phist,77,0.1930684084072709
SPX,rollout+phist,78,0.1930684084072709
SPX,rollout+phist,79,0.1930684084072709
SPX,rollout+phist,80,0.1930684084072709
SPX,rollout+phist,81,0.1930684084072709
SPX,rollout+phist,82,0.1930684084072709
SPX,rollout+phist,83,0.1930684084072709
SPX,rollout+phist,84,0.1930684084072709
SPX,rollout+phist,85,0.1930684084072709
SPX,rollout+phist,86,0.1930684084072709
SPX,rollout+phist,87,0.1930684084072709
SPX,rollout+phist,88,0.1930684084072709
SPX,rollout+phist,89,0.1930684084072709
SPX,rollout+phist,90,0.1930684084072709
SPX,rollout+phist,91,0.1930684084072709
SPX,rollout+phist,92,0.1930684084072709
SPX,rollout+phist,93,0.1930684084072709
SPX,rollout+phist,94,0.1930684084072709
SPX,rollout+phist,95,0.1930684084072709
SPX,rollout+phist,96,0.1930684084072709
SPX,rollout+phist,97,0.1930684084072709
SPX,rollout+phist,98,0.1930684084072709
SPX,rollout+phist,99,0.1930684084072709
SPX,rollout+phist,100,0.1930684084072709
SPX,rollout+phist,101,0.1930684084072709
SPX,rollout+phist,102,0.1930684084072709
SPX,rollout+phist,103,0.1930684084072709
SPX,rollout+phist,104,0.1930684084072709
SPX,rollout+phist,105,0.1930684084072709
SPX,rollout+phist,106,0.1930684084072709
SPX,rollout+phist,107,0.1930684084072709
SPX,rollout+phist,108,0.1930684084072709
SPX,rollout+phist,109,0.1930684084072709
SPX,rollout+phist,110,0.1930684084072709
SPX,rollout+phist,111,0.1930684084072709
SPX,rollout+phist,112,0.1930684084072709
SPX,rollout+phist,113,0.1930684084072709
SPX,rollout+phist,114,0.1930684084072709
SPX,rollout+phist,115,0.1930684084072709
SPX,rollout+phist,116,0.1930684084072709
SPX,rollout+phist,117,0.1930684084072709
SPX,rollout+phist,118,0.1930684084072709
SPX,rollout+phist,119,0.1930684084072709
SPX,rollout+phist,120,0.1930684084072709
SPX,rollout+phist,121,0.1930684084072709
SPX,rollout+phist,122,0.1930684084072709
SPX,rollout+phist,123,0.1930684084072709
SPX,rollout+phist,124,0.1930684084072709
SPX,rollout+phist,125,0.1930684084072709
SPX,rollout+phist,126,0.1930684084072709
SPX,rollout+phist,127,0.1930684084072709
SPX,rollout+phist,128,0.1930684084072709
SPX,rollout+phist,129,0.1930684084072709
SPX,rollout+phist,130,0.1930684084072709
SPX,rollout+phist,131,0.1930684084072709
SPX,rollout+phist,132,0.1930684084072709
SPX,rollout+phist,133,0.1930684084072709
SPX,rollout+phist,134,0.1930684084072709
SPX,rollout+phist,135,0.1930684084072709
SPX,rollout+phist,136,0.1930684084072709
SPX,rollout+phist,137,0.1930684084072709
SPX,rollout+phist,138,0.1930684084072709
SPX,rollout+phist,139,0.1930684084072709
SPX,rollout+phist,140,0.1930684084072709
SPX,rollout+phist,141,0.1930684084072709
SPX,rollout+phist,142,0.1930684084072709
SPX,rollout+phist,143,0.1930684084072709
SPX,rollout+phist,144,0.1930684084072709
SPX,rollout+phist,145,0.1930684084072709
SPX,rollout+phist,146,0.1930684084072709
SPX,rollout+phist,147,0.1930684084072709
SPX,rollout+phist,148,0.1930684084072709
SPX,rollout+phist,149,0.1930684084072709
SPX,rollout+phist,150,0.1930684084072709
SPX,rollout+phist,151,0.1930684084072709
SPX,rollout+phist,152,0.1930684084072709
SPX,rollout+phist,153,0.1930684084072709
SPX,rollout+phist,154,0.1930684084072709
SPX,rollout+phist,155,0.1930684084072709
SPX,rollout+phist,156,0.1930684084072709
SPX,rollout+phist,157,0.1930684084072709
SPX,rollout+phist,158,0.1930684084072709
SPX,rollout+phist,159,0.1930684084072709
SPX,rollout+phist,160,0.1930684084072709
SPX,rollout+phist,161,0.1930684084072709
SPX,rollout+phist,162,0.1930684084072709
SPX,rollout+phist,163,0.1930684084072709
SPX,rollout+psign,1,0.3400828689336777
SPX,rollout+psign,2,0.3400828689336777
SPX,rollout+psign,3,0.3400828689336777
SPX,rollout+psign,4,0.3400828689336777
SPX,rollout+psign,5,0.3400828689336777
SPX,rollout+psign,6,0.3400828689336777
SPX,rollout+psign,7,0.3400828689336777
SPX,rollout+psign,8,-0.39327587001025677
SPX,rollout+psign,9,-0.39327587001025677
SPX,rollout+psign,10,-0.39327587001025677
SPX,rollout+psign,11,-0.39327587001025677
SPX,rollout+psign,12,-0.39327587001025677
SPX,rollout+psign,13,-0.39327587001025677
SPX,rollout+psign,14,-0.39327587001025677
SPX,rollout+psign,15,-0.39327587001025677
SPX,rollout+psign,16,-0.39327587001025677
SPX,rollout+psign,17,-0.39327587001025677
SPX,rollout+psign,18,-0.39327587001025677
SPX,rollout+psign,19,-0.39327587001025677
SPX,rollout+psign,20,-0.39327587001025677
SPX,rollout+psign,21,-0.39327587001025677
SPX,rollout+psign,22,-0.39327587001025677
SPX,rollout+psign,23,-0.39327587001025677
SPX,rollout+psign,24,-0.39327587001025677
SPX,rollout+psign,25,-0.39327587001025677
SPX,rollout+psign,26,-0.39327587001025677
SPX,rollout+psign,27,-0.39327587001025677
SPX,rollout+psign,28,-0.39327587001025677
SPX,rollout+psign,29,-0.39327587001025677
SPX,rollout+psign,30,-0.39327587001025677
SPX,rollout+psign,31,-0.39327587001025677
SPX,rollout+psign,32,-0.39327587001025677
SPX,rollout+psign,33,-0.39327587001025677
SPX,rollout+psign,34,-0.39327587001025677
SPX,rollout+psign,35,-0.39327587001025677
SPX,rollout+psign,36,-0.39327587001025677
SPX,rollout+psign,37,-0.39327587001025677
SPX,rollout+psign,38,-0.39327587001025677
SPX,rollout+psign,39,-0.39327587001025677
SPX,rollout+psign,40,-0.39327587001025677
SPX,rollout+psign,41,-0.39327587001025677
SPX,rollout+psign,42,-0.39327587001025677
SPX,rollout+psign,43,-0.39327587001025677
SPX,rollout+psign,44,-0.39327587001025677
SPX,rollout+psign,45,-0.39327587001025677
SPX,rollout+psign,46,-0.39327587001025677
SPX,rollout+psign,47,-0.39327587001025677
SPX,rollout+psign,48,-0.39327587001025677
SPX,rollout+psign,49,-0.39327587001025677
SPX,rollout+psign,50,-0.39327587001025677
SPX,rollout+psign,51,-0.39327587001025677
SPX,rollout+psign,52,-0.39327587001025677
SPX,rollout+psign,53,-0.39327587001025677
SPX,rollout+psign,54,-0.39327587001025677
SPX,rollout+psign,55,-0.39327587001025677
SPX,rollout+psign,56,-0.39327587001025677
SPX,rollout+psign,57,-0.39327587001025677
SPX,rollout+psign,58,-0.39327587001025677
SPX,rollout+psign,59,-0.39327587001025677
SPX,rollout+psign,60,-0.39327587001025677
SPX,rollout+psign,61,-0.39327587001025677
SPX,rollout+psign,62,-0.39327587001025677
SPX,rollout+psign,63,-0.39327587001025677
SPX,rollout+psign,64,-0.39327587001025677
SPX,rollout+psign,65,-0.39327587001025677
SPX,rollout+psign,66,-0.39327587001025677
SPX,rollout+psign,67,-0.39327587001025677
SPX,rollout+psign,68,-0.39327587001025677
SPX,rollout+psign,69,-0.39327587001025677
SPX,rollout+psign,70,-0.39327587001025677
SPX,rollout+psign,71,-0.39327587001025677
SPX,rollout+psign,72,-0.39327587001025677
SPX,rollout+psign,73,-0.39327587001025677
SPX,rollout+psign,74,-0.39327587001025677
SPX,rollout+psign,75,-0.39327587001025677
SPX,rollout+psign,76,-0.39327587001025677
SPX,rollout+psign,77,-0.39327587001025677
SPX,rollout+psign,78,-0.39327587001025677
SPX,rollout+psign,79,-0.39327587001025677
SPX,rollout+psign,80,-0.39327587001025677
SPX,rollout+psign,81,-0.39327587001025677
SPX,rollout+psign,82,-0.39327587001025677
SPX,rollout+psign,83,-0.39327587001025677
SPX,rollout+psign,84,-0.39327587001025677
SPX,rollout+psign,85,-0.39327587001025677
SPX,rollout+psign,86,-0.39327587001025677
SPX,rollout+psign,87,-0.39327587001025677
SPX,rollout+psign,88,-0.39327587001025677
SPX,rollout+psign,89,-0.39327587001025677
SPX,rollout+psign,90,-0.39327587001025677
SPX,rollout+psign,91,-0.39327587001025677
SPX,rollout+psign,92,-0.39327587001025677
SPX,rollout+psign,93,-0.39327587001025677
SPX,rollout+psign,94,-0.39327587001025677
SPX,rollout+psign,95,-0.39327587001025677
SPX,rollout+psign,96,-0.39327587001025677
SPX,rollout+psign,97,-0.39327587001025677
SPX,rollout+psign,98,-0.39327587001025677
SPX,rollout+psign,99,-0.39327587001025677
SPX,rollout+psign,100,-0.39327587001025677
SPX,rollout+psign,101,-0.39327587001025677
SPX,rollout+psign,102,-0.39327587001025677
SPX,rollout+psign,103,-0.39327587001025677
SPX,rollout+psign,104,-0.39327587001025677
SPX,rollout+psign,105,-0.39327587001025677
SPX,rollout+psign,106,-0.39327587001025677
SPX,rollout+psign,107,-0.39327587001025677
SPX,rollout+psign,108,-0.39327587001025677
SPX,rollout+psign,109,-0.39327587001025677
SPX,rollout+psign,110,-0.39327587001025677
SPX,rollout+psign,111,-0.39327587001025677
SPX,rollout+psign,112,-0.39327587001025677
SPX,rollout+psign,113,-0.39327587001025677
SPX,rollout+psign,114,-0.39327587001025677
SPX,rollout+psign,115,-0.39327587001025677
SPX,rollout+psign,116,-0.39327587001025677
SPX,rollout+psign,117,-0.39327587001025677
SPX,rollout+psign,118,-0.39327587001025677
SPX,rollout+psign,119,-0.39327587001025677
SPX,rollout+psign,120,-0.39327587001025677
SPX,rollout+psign,121,-0.39327587001025677
SPX,rollout+psign,122,-0.39327587001025677
SPX,rollout+psign,123,-0.39327587001025677
SPX,rollout+psign,124,-0.39327587001025677
SPX,rollout+psign,125,-0.39327587001025677
SPX,rollout+psign,126,-0.39327587001025677
SPX,rollout+psign,127,-0.39327587001025677
SPX,rollout+psign,128,-0.39327587001025677
SPX,rollout+psign,129,-0.39327587001025677
SPX,rollout+psign,130,-0.39327587001025677
SPX,rollout+psign,131,-0.39327587001025677
SPX,rollout+psign,132,-0.39327587001025677
SPX,rollout+psign,133,-0.39327587001025677
SPX,rollout+psign,134,-0.39327587001025677
SPX,rollout+psign,135,-0.39327587001025677
SPX,rollout+psign,136,-0.39327587001025677
SPX,rollout+psign,137,-0.39327587001025677
SPX,rollout+psign,138,-0.39327587001025677
SPX,rollout+psign,139,-0.39327587001025677
SPX,rollout+psign,140,-0.39327587001025677
SPX,rollout+psign,141,-0.39327587001025677
SPX,rollout+psign,142,-0.39327587001025677
SPX,rollout+psign,143,-0.39327587001025677
SPX,rollout+psign,144,-0.39327587001025677
SPX,rollout+psign,145,-0.39327587001025677
SPX,rollout+psign,146,-0.39327587001025677
SPX,rollout+psign,147,-0.39327587001025677
SPX,rollout+psign,148,-0.39327587001025677
SPX,rollout+psign,149,-0.39327587001025677
SPX,rollout+psign,150,-0.39327587001025677
SPX,rollout+psign,151,-0.39327587001025677
SPX,rollout+psign,152,-0.39327587001025677
SPX,rollout+psign,153,-0.39327587001025677
SPX,rollout+psign,154,-0.39327587001025677
SPX,rollout+psign,155,-0.39327587001025677
SPX,rollout+psign,156,-0.39327587001025677
SPX,rollout+psign,157,-0.39327587001025677
SPX,rollout+psign,158,-0.39327587001025677
SPX,rollout+psign,159,-0.39327587001025677
SPX,rollout+psign,160,-0.39327587001025677
SPX,rollout+psign,161,-0.39327587001025677
SPX,rollout+psign,162,-0.39327587001025677
SPX,rollout+psign,163,-0.39327587001025677
SPX,scenarios+psign,1,0.4317526239901781
SPX,scenarios+psign,2,0.3950847778469324
SPX,scenarios+psign,3,0.3400828689336777
SPX,scenarios+psign,4,0.26308009400963783
SPX,scenarios+psign,5,0.23741265758872032
SPX,scenarios+psign,6,0.23741265758872032
SPX,scenarios+psign,7,0.17874380573630333
SPX,scenarios+psign,8,0.2704136073589325
SPX,scenarios+psign,9,0.1494094729423523
SPX,scenarios+psign,10,0.22274544462561607
SPX,scenarios+psign,11,0.24841288104653358
SPX,scenarios+psign,12,0.12374203652143478
SPX,scenarios+psign,13,0.10174131020903587
SPX,scenarios+psign,14,0.13840924948453903
SPX,scenarios+psign,15,0.10174131020903587
SPX,scenarios+psign,16,0.21907854825258255
SPX,scenarios+psign,17,0.16040997579693794
SPX,scenarios+psign,18,0.2337457612156868
SPX,scenarios+psign,19,0.14207595959305763
SPX,scenarios+psign,20,0.13840924948453903
SPX,scenarios+psign,21,0.07607368752360344
SPX,scenarios+psign,22,0.16407668590545654
SPX,scenarios+psign,23,0.14207595959305763
SPX,scenarios+psign,24,0.1127416267991066
SPX,scenarios+psign,25,0.2117450349032879
SPX,scenarios+psign,26,0.22641224786639214
SPX,scenarios+psign,27,0.13107545673847198
SPX,scenarios+psign,28,0.17874380573630333
SPX,scenarios+psign,29,0.25941338390111923
SPX,scenarios+psign,30,0.16040997579693794
SPX,scenarios+psign,31,0.17507709562778473
SPX,scenarios+psign,32,0.1164083369076252
SPX,scenarios+psign,33,0.22641224786639214
SPX,scenarios+psign,34,0.16040997579693794
SPX,scenarios+psign,35,0.05407296121120453
SPX,scenarios+psign,36,0.13474253937602043
SPX,scenarios+psign,37,0.17874380573630333
SPX,scenarios+psign,38,0.1824106089770794
SPX,scenarios+psign,39,0.2300790511071682
SPX,scenarios+psign,40,0.2337457612156868
SPX,scenarios+psign,41,0.18607759848237038
SPX,scenarios+psign,42,0.2117450349032879
SPX,scenarios+psign,43,0.08340710774064064
SPX,scenarios+psign,44,0.10174131020903587
SPX,scenarios+psign,45,0.05040625110268593
SPX,scenarios+psign,46,0.10540811344981194
SPX,scenarios+psign,47,0.19707782194018364
SPX,scenarios+psign,48,0.17874380573630333
SPX,scenarios+psign,49,0.16040997579693794
SPX,scenarios+psign,50,0.09440761059522629
SPX,scenarios+psign,51,0.17141038551926613
SPX,scenarios+psign,52,0.13474253937602043
SPX,scenarios+psign,53,0.20441152155399323
SPX,scenarios+psign,54,0.13474253937602043
SPX,scenarios+psign,55,0.06874017417430878
SPX,scenarios+psign,56,0.2704136073589325
SPX,scenarios+psign,57,0.06874017417430878
SPX,scenarios+psign,58,0.18974430859088898
SPX,scenarios+psign,59,0.18607759848237038
SPX,scenarios+psign,60,0.14574266970157623
SPX,scenarios+psign,61,0.13107545673847198
SPX,scenarios+psign,62,0.09807432070374489
SPX,scenarios+psign,63,0.2154117450118065
SPX,scenarios+psign,64,0.10907482355833054
SPX,scenarios+psign,65,0.15307646244764328
SPX,scenarios+psign,66,0.2520795911550522
SPX,scenarios+psign,67,0.2154117450118065
SPX,scenarios+psign,68,0.07974039763212204
SPX,scenarios+psign,69,0.17141038551926613
SPX,scenarios+psign,70,0.20441152155399323
SPX,scenarios+psign,71,0.15307646244764328
SPX,scenarios+psign,72,0.16407668590545654
SPX,scenarios+psign,73,0.1494094729423523
SPX,scenarios+psign,74,0.17507709562778473
SPX,scenarios+psign,75,0.17874380573630333
SPX,scenarios+psign,76,0.13107545673847198
SPX,scenarios+psign,77,0.29241451993584633
SPX,scenarios+psign,78,0.16774339601397514
SPX,scenarios+psign,79,0.09074090048670769
SPX,scenarios+psign,80,0.12007523328065872
SPX,scenarios+psign,81,0.16407668590545654
SPX,scenarios+psign,82,0.14207595959305763
SPX,scenarios+psign,83,0.24841288104653358
SPX,scenarios+psign,84,0.20441152155399323
SPX,scenarios+psign,85,0.12740874662995338
SPX,scenarios+psign,86,0.28141411021351814
SPX,scenarios+psign,87,0.10907482355833054
SPX,scenarios+psign,88,0.1494094729423523
SPX,scenarios+psign,89,0.09074090048670769
SPX,scenarios+psign,90,0.07240688428282738
SPX,scenarios+psign,91,0.10907482355833054
SPX,scenarios+psign,92,0.14207595959305763
SPX,scenarios+psign,93,0.03573903813958168
SPX,scenarios+psign,94,0.1824106089770794
SPX,scenarios+psign,95,0.09807432070374489
SPX,scenarios+psign,96,0.13840924948453903
SPX,scenarios+psign,97,0.15307646244764328
SPX,scenarios+psign,98,0.17141038551926613
SPX,scenarios+psign,99,0.1494094729423523
SPX,scenarios+psign,100,0.16040997579693794
SPX,scenarios+psign,101,0.24841288104653358
SPX,scenarios+psign,102,0.14574266970157623
SPX,scenarios+psign,103,0.1164083369076252
SPX,scenarios+psign,104,0.09807432070374489
SPX,scenarios+psign,105,0.19707782194018364
SPX,scenarios+psign,106,0.18974430859088898
SPX,scenarios+psign,107,0.17874380573630333
SPX,scenarios+psign,108,0.10540811344981194
SPX,scenarios+psign,109,0.16040997579693794
SPX,scenarios+psign,110,0.10540811344981194
SPX,scenarios+psign,111,0.16774339601397514
SPX,scenarios+psign,112,0.20074453204870224
SPX,scenarios+psign,113,0.15674317255616188
SPX,scenarios+psign,114,0.20074453204870224
SPX,scenarios+psign,115,0.10907482355833054
SPX,scenarios+psign,116,0.09807432070374489
SPX,scenarios+psign,117,0.19707782194018364
SPX,scenarios+psign,118,0.18607759848237038
SPX,scenarios+psign,119,0.2080783247947693
SPX,scenarios+psign,120,0.14574266970157623
SPX,scenarios+psign,121,0.13474253937602043
SPX,scenarios+psign,122,0.16774339601397514
SPX,scenarios+psign,123,0.07240688428282738
SPX,scenarios+psign,124,0.24841288104653358
SPX,scenarios+psign,125,0.12740874662995338
SPX,scenarios+psign,126,0.12374203652143478
SPX,scenarios+psign,127,0.16774339601397514
SPX,scenarios+psign,128,0.12374203652143478
SPX,scenarios+psign,129,0.1127416267991066
SPX,scenarios+psign,130,0.10540811344981194
SPX,scenarios+psign,131,0.20441152155399323
SPX,scenarios+psign,132,0.20441152155399323
SPX,scenarios+psign,133,0.2337457612156868
SPX,scenarios+psign,134,0.2117450349032879
SPX,scenarios+psign,135,0.13474253937602043
SPX,scenarios+psign,136,0.10540811344981194
SPX,scenarios+psign,137,0.1164083369076252
SPX,scenarios+psign,138,0.10907482355833054
SPX,scenarios+psign,139,0.24841288104653358
SPX,scenarios+psign,140,0.22274544462561607
SPX,scenarios+psign,141,0.16774339601397514
SPX,scenarios+psign,142,0.20074453204870224
SPX,scenarios+psign,143,0.1824106089770794
SPX,scenarios+psign,144,0.16407668590545654
SPX,scenarios+psign,145,0.15307646244764328
SPX,scenarios+psign,146,0.2520795911550522
SPX,scenarios+psign,147,0.14574266970157623
SPX,scenarios+psign,148,0.2117450349032879
SPX,scenarios+psign,149,0.22641224786639214
SPX,scenarios+psign,150,0.1164083369076252
SPX,scenarios+psign,151,0.15307646244764328
SPX,scenarios+psign,152,0.2337457612156868
SPX,scenarios+psign,153,0.06507327780127525
SPX,scenarios+psign,154,0.06507327780127525
SPX,scenarios+psign,155,0.14574266970157623
SPX,scenarios+psign,156,0.10540811344981194
SPX,scenarios+psign,157,0.06140647456049919
SPX,scenarios+psign,158,0.1494094729423523
SPX,scenarios+psign,159,0.18607759848237038
SPX,scenarios+psign,160,0.17141038551926613
SPX,scenarios+psign,161,0.10174131020903587
SPX,scenarios+psign,162,0.17141038551926613
SPX,scenarios+psign,163,0.12374203652143478
CMC200,rollout+phist,1,0.6325496360659599
CMC200,rollout+phist,2,0.6325496360659599
CMC200,rollout+phist,3,0.6325496360659599
CMC200,rollout+phist,4,0.6325496360659599
CMC200,rollout+phist,5,0.6325496360659599
CMC200,rollout+phist,6,0.6325496360659599
CMC200,rollout+phist,7,0.6325496360659599
CMC200,rollout+phist,8,0.6325496360659599
CMC200,rollout+phist,9,0.6325496360659599
CMC200,rollout+phist,10,0.6325496360659599
CMC200,rollout+phist,11,0.6325496360659599
CMC200,rollout+phist,12,0.6325496360659599
CMC200,rollout+phist,13,0.6325496360659599
CMC200,rollout+phist,14,0.6325496360659599
CMC200,rollout+phist,15,0.6325496360659599
CMC200,rollout+phist,16,0.6325496360659599
CMC200,rollout+phist,17,0.6325496360659599
CMC200,rollout+phist,18,0.6325496360659599
CMC200,rollout+phist,19,0.6325496360659599
CMC200,rollout+phist,20,0.6325496360659599
CMC200,rollout+phist,21,0.6325496360659599
CMC200,rollout+phist,22,0.6325496360659599
CMC200,rollout+phist,23,0.6325496360659599
CMC200,rollout+phist,24,0.6325496360659599
CMC200,rollout+phist,25,0.6325496360659599
CMC200,rollout+phist,26,0.6325496360659599
CMC200,rollout+phist,27,0.6325496360659599
CMC200,rollout+phist,28,0.6325496360659599
CMC200,rollout+phist,29,0.6325496360659599
CMC200,rollout+phist,30,0.6325496360659599
CMC200,rollout+phist,31,0.6325496360659599
CMC200,rollout+phist,32,0.6325496360659599
CMC200,rollout+phist,33,0.6325496360659599
CMC200,rollout+phist,34,0.6325496360659599
CMC200,rollout+phist,35,0.6325496360659599
CMC200,rollout+phist,36,0.6325496360659599
CMC200,rollout+phist,37,0.6325496360659599
CMC200,rollout+phist,38,0.6325496360659599
CMC200,rollout+phist,39,0.6325496360659599
CMC200,rollout+phist,40,0.6325496360659599
CMC200,rollout+phist,41,0.6325496360659599
CMC200,rollout+phist,42,0.6325496360659599
CMC200,rollout+phist,43,0.6325496360659599
CMC200,rollout+phist,44,0.6325496360659599
CMC200,rollout+phist,45,0.6325496360659599
CMC200,rollout+phist,46,0.6325496360659599
CMC200,rollout+phist,47,0.6325496360659599
CMC200,rollout+phist,48,0.6325496360659599
CMC200,rollout+phist,49,0.6325496360659599
CMC200,rollout+phist,50,0.6325496360659599
CMC200,rollout+phist,51,0.6325496360659599
CMC200,rollout+phist,52,0.6325496360659599
CMC200,rollout+phist,53,0.6325496360659599
CMC200,rollout+phist,54,0.6325496360659599
CMC200,rollout+phist,55,0.6325496360659599
CMC200,rollout+phist,56,0.6325496360659599
CMC200,rollout+phist,57,0.6325496360659599
CMC200,rollout+phist,58,0.6325496360659599
CMC200,rollout+phist,59,0.6325496360659599
CMC200,rollout+phist,60,0.6325496360659599
CMC200,rollout+phist,61,0.6325496360659599
CMC200,rollout+phist,62,0.6325496360659599
CMC200,rollout+phist,63,0.6325496360659599
CMC200,rollout+phist,64,0.6325496360659599
CMC200,rollout+phist,65,0.6325496360659599
CMC200,rollout+phist,66,0.6325496360659599
CMC200,rollout+phist,67,0.6325496360659599
CMC200,rollout+phist,68,0.6325496360659599
CMC200,rollout+phist,69,0.6325496360659599
CMC200,rollout+phist,70,0.6325496360659599
CMC200,rollout+phist,71,0.6325496360659599
CMC200,rollout+phist,72,0.6325496360659599
CMC200,rollout+phist,73,0.6325496360659599
CMC200,rollout+phist,74,0.6325496360659599
CMC200,rollout+phist,75,0.6325496360659599
CMC200,rollout+phist,76,0.6325496360659599
CMC200,rollout+phist,77,0.6325496360659599
CMC200,rollout+phist,78,0.6325496360659599
CMC200,rollout+phist,79,0.6325496360659599
CMC200,rollout+phist,80,0.6325496360659599
CMC200,rollout+phist,81,0.6325496360659599
CMC200,rollout+phist,82,0.6325496360659599
CMC200,rollout+phist,83,0.6325496360659599
CMC200,rollout+phist,84,0.6325496360659599
CMC200,rollout+phist,85,0.6325496360659599
CMC200,rollout+phist,86,0.6325496360659599
CMC200,rollout+phist,87,0.6325496360659599
CMC200,rollout+phist,88,0.6325496360659599
CMC200,rollout+phist,89,0.6325496360659599
CMC200,rollout+phist,90,0.6325496360659599
CMC200,rollout+phist,91,0.6325496360659599
CMC200,rollout+phist,92,0.6325496360659599
CMC200,rollout+phist,93,0.6325496360659599
CMC200,rollout+phist,94,0.6325496360659599
CMC200,rollout+phist,95,0.6325496360659599
CMC200,rollout+phist,96,0.6325496360659599
CMC200,rollout+phist,97,0.6325496360659599
CMC200,rollout+phist,98,0.6325496360659599
CMC200,rollout+phist,99,0.6325496360659599
CMC200,rollout+phist,100,0.6325496360659599
CMC200,rollout+phist,101,0.6325496360659599
CMC200,rollout+phist,102,0.6325496360659599
CMC200,rollout+phist,103,0.6325496360659599
CMC200,rollout+phist,104,0.6325496360659599
CMC200,rollout+phist,105,0.6325496360659599
CMC200,rollout+phist,106,0.6325496360659599
CMC200,rollout+phist,107,0.6325496360659599
CMC200,rollout+phist,108,0.6325496360659599
CMC200,rollout+phist,109,0.6325496360659599
CMC200,rollout+phist,110,0.6325496360659599
CMC200,rollout+phist,111,0.6325496360659599
CMC200,rollout+phist,112,0.6325496360659599
CMC200,rollout+phist,113,0.6325496360659599
CMC200,rollout+phist,114,0.6325496360659599
CMC200,rollout+phist,115,0.6325496360659599
CMC200,rollout+phist,116,0.6325496360659599
CMC200,rollout+phist,117,0.6325496360659599
CMC200,rollout+phist,118,0.6325496360659599
CMC200,rollout+phist,119,0.6325496360659599
CMC200,rollout+phist,120,0.6325496360659599
CMC200,rollout+phist,121,0.6325496360659599
CMC200,rollout+phist,122,0.6325496360659599
CMC200,rollout+phist,123,0.6325496360659599
CMC200,rollout+phist,124,0.6325496360659599
CMC200,rollout+phist,125,0.6325496360659599
CMC200,rollout+phist,126,0.6325496360659599
CMC200,rollout+phist,127,0.6325496360659599
CMC200,rollout+phist,128,0.6325496360659599
CMC200,rollout+phist,129,0.6325496360659599
CMC200,rollout+phist,130,0.6325496360659599
CMC200,rollout+phist,131,0.6325496360659599
CMC200,rollout+phist,132,0.6325496360659599
CMC200,rollout+phist,133,0.6325496360659599
CMC200,rollout+phist,134,0.6325496360659599
CMC200,rollout+phist,135,0.6325496360659599
CMC200,rollout+phist,136,0.6325496360659599
CMC200,rollout+phist,137,0.6325496360659599
CMC200,rollout+phist,138,0.6325496360659599
CMC200,rollout+phist,139,0.6325496360659599
CMC200,rollout+phist,140,0.6325496360659599
CMC200,rollout+phist,141,0.6325496360659599
CMC200,rollout+phist,142,0.6325496360659599
CMC200,rollout+phist,143,0.6325496360659599
CMC200,rollout+phist,144,0.6325496360659599
CMC200,rollout+phist,145,0.6325496360659599
CMC200,rollout+phist,146,0.6325496360659599
CMC200,rollout+phist,147,0.6325496360659599
CMC200,rollout+phist,148,0.6325496360659599
CMC200,rollout+phist,149,0.6325496360659599
CMC200,rollout+phist,150,0.6325496360659599
CMC200,rollout+phist,151,0.6325496360659599
CMC200,rollout+phist,152,0.6325496360659599
CMC200,rollout+phist,153,0.6325496360659599
CMC200,rollout+phist,154,0.6325496360659599
CMC200,rollout+phist,155,0.6325496360659599
CMC200,rollout+phist,156,0.6325496360659599
CMC200,rollout+phist,157,0.6325496360659599
CMC200,rollout+phist,158,0.6325496360659599
CMC200,rollout+phist,159,0.6325496360659599
CMC200,rollout+phist,160,0.6325496360659599
CMC200,rollout+phist,161,0.6325496360659599
CMC200,rollout+phist,162,0.6325496360659599
CMC200,rollout+phist,163,0.6325496360659599
CMC200,rollout+psign,1,-1.4552528038620949
CMC200,rollout+psign,2,-1.4552528038620949
CMC200,rollout+psign,3,-1.4552528038620949
CMC200,rollout+psign,4,-1.4552528038620949
CMC200,rollout+psign,5,-1.4552528038620949
CMC200,rollout+psign,6,-1.4552528038620949
CMC200,rollout+psign,7,-1.4552528038620949
CMC200,rollout+psign,8,-1.4552528038620949
CMC200,rollout+psign,9,-1.4552528038620949
CMC200,rollout+psign,10,-1.4552528038620949
CMC200,rollout+psign,11,-1.4552528038620949
CMC200,rollout+psign,12,-1.4552528038620949
CMC200,rollout+psign,13,-1.4552528038620949
CMC200,rollout+psign,14,-1.4552528038620949
CMC200,rollout+psign,15,-1.4552528038620949
CMC200,rollout+psign,16,-1.4552528038620949
CMC200,rollout+psign,17,-1.4552528038620949
CMC200,rollout+psign,18,-1.4552528038620949
CMC200,rollout+psign,19,-1.4552528038620949
CMC200,rollout+psign,20,-1.4552528038620949
CMC200,rollout+psign,21,-1.4552528038620949
CMC200,rollout+psign,22,-1.4552528038620949
CMC200,rollout+psign,23,-1.4552528038620949
CMC200,rollout+psign,24,-1.4552528038620949
CMC200,rollout+psign,25,-1.4552528038620949
CMC200,rollout+psign,26,-1.4552528038620949
CMC200,rollout+psign,27,-1.4552528038620949
CMC200,rollout+psign,28,-1.4552528038620949
CMC200,rollout+psign,29,-1.4552528038620949
CMC200,rollout+psign,30,-1.4552528038620949
CMC200,rollout+psign,31,-1.4552528038620949
CMC200,rollout+psign,32,-1.4552528038620949
CMC200,rollout+psign,33,-1.4552528038620949
CMC200,rollout+psign,34,-1.4552528038620949
CMC200,rollout+psign,35,-1.4552528038620949
CMC200,rollout+psign,36,-1.4552528038620949
CMC200,rollout+psign,37,-1.4552528038620949
CMC200,rollout+psign,38,-1.4552528038620949
CMC200,rollout+psign,39,-1.4552528038620949
CMC200,rollout+psign,40,-1.4552528038620949
CMC200,rollout+psign,41,-1.4552528038620949
CMC200,rollout+psign,42,-1.4552528038620949
CMC200,rollout+psign,43,-1.4552528038620949
CMC200,rollout+psign,44,-1.4552528038620949
CMC200,rollout+psign,45,-1.4552528038620949
CMC200,rollout+psign,46,-1.4552528038620949
CMC200,rollout+psign,47,-1.4552528038620949
CMC200,rollout+psign,48,-1.4552528038620949
CMC200,rollout+psign,49,-1.4552528038620949
CMC200,rollout+psign,50,-1.4552528038620949
CMC200,rollout+psign,51,-1.4552528038620949
CMC200,rollout+psign,52,-1.4552528038620949
CMC200,rollout+psign,53,-1.4552528038620949
CMC200,rollout+psign,54,-1.4552528038620949
CMC200,rollout+psign,55,-1.4552528038620949
CMC200,rollout+psign,56,-1.4552528038620949
CMC200,rollout+psign,57,-1.4552528038620949
CMC200,rollout+psign,58,-1.4552528038620949
CMC200,rollout+psign,59,-1.4552528038620949
CMC200,rollout+psign,60,-1.4552528038620949
CMC200,rollout+psign,61,-1.4552528038620949
CMC200,rollout+psign,62,-1.4552528038620949
CMC200,rollout+psign,63,-1.4552528038620949
CMC200,rollout+psign,64,-1.4552528038620949
CMC200,rollout+psign,65,-1.4552528038620949
CMC200,rollout+psign,66,-1.4552528038620949
CMC200,rollout+psign,67,-1.4552528038620949
CMC200,rollout+psign,68,-1.4552528038620949
CMC200,rollout+psign,69,-1.4552528038620949
CMC200,rollout+psign,70,-1.4552528038620949
CMC200,rollout+psign,71,-1.4552528038620949
CMC200,rollout+psign,72,-1.4552528038620949
CMC200,rollout+psign,73,-1.4552528038620949
CMC200,rollout+psign,74,-1.4552528038620949
CMC200,rollout+psign,75,-1.4552528038620949
CMC200,rollout+psign,76,-1.4552528038620949
CMC200,rollout+psign,77,-1.4552528038620949
CMC200,rollout+psign,78,-1.4552528038620949
CMC200,rollout+psign,79,-1.4552528038620949
CMC200,rollout+psign,80,-1.4552528038620949
CMC200,rollout+psign,81,-1.4552528038620949
CMC200,rollout+psign,82,-1.4552528038620949
CMC200,rollout+psign,83,-1.4552528038620949
CMC200,rollout+psign,84,-1.4552528038620949
CMC200,rollout+psign,85,-1.4552528038620949
CMC200,rollout+psign,86,-1.4552528038620949
CMC200,rollout+psign,87,-1.4552528038620949
CMC200,rollout+psign,88,-1.4552528038620949
CMC200,rollout+psign,89,-1.4552528038620949
CMC200,rollout+psign,90,-1.4552528038620949
CMC200,rollout+psign,91,-1.4552528038620949
CMC200,rollout+psign,92,-1.4552528038620949
CMC200,rollout+psign,93,-1.4552528038620949
CMC200,rollout+psign,94,-1.4552528038620949
CMC200,rollout+psign,95,-1.4552528038620949
CMC200,rollout+psign,96,-1.4552528038620949
CMC200,rollout+psign,97,-1.4552528038620949
CMC200,rollout+psign,98,-1.4552528038620949
CMC200,rollout+psign,99,-1.4552528038620949
CMC200,rollout+psign,100,-1.4552528038620949
CMC200,rollout+psign,101,-1.4552528038620949
CMC200,rollout+psign,102,-1.4552528038620949
CMC200,rollout+psign,103,-1.4552528038620949
CMC200,rollout+psign,104,-1.4552528038620949
CMC200,rollout+psign,105,-1.4552528038620949
CMC200,rollout+psign,106,-1.4552528038620949
CMC200,rollout+psign,107,-1.4552528038620949
CMC200,rollout+psign,108,-1.4552528038620949
CMC200,rollout+psign,109,-1.4552528038620949
CMC200,rollout+psign,110,-1.4552528038620949
CMC200,rollout+psign,111,-1.4552528038620949
CMC200,rollout+psign,112,-1.4552528038620949
CMC200,rollout+psign,113,-1.4552528038620949
CMC200,rollout+psign,114,-1.4552528038620949
CMC200,rollout+psign,115,-1.4552528038620949
CMC200,rollout+psign,116,-1.4552528038620949
CMC200,rollout+psign,117,-1.4552528038620949
CMC200,rollout+psign,118,-1.4552528038620949
CMC200,rollout+psign,119,-1.4552528038620949
CMC200,rollout+psign,120,-1.4552528038620949
CMC200,rollout+psign,121,-1.4552528038620949
CMC200,rollout+psign,122,-1.4552528038620949
CMC200,rollout+psign,123,-1.4552528038620949
CMC200,rollout+psign,124,-1.4552528038620949
CMC200,rollout+psign,125,-1.4552528038620949
CMC200,rollout+psign,126,-1.4552528038620949
CMC200,rollout+psign,127,-1.4552528038620949
CMC200,rollout+psign,128,-1.4552528038620949
CMC200,rollout+psign,129,-1.4552528038620949
CMC200,rollout+psign,130,-1.4552528038620949
CMC200,rollout+psign,131,-1.4552528038620949
CMC200,rollout+psign,132,-1.4552528038620949
CMC200,rollout+psign,133,-1.4552528038620949
CMC200,rollout+psign,134,-1.4552528038620949
CMC200,rollout+psign,135,-1.4552528038620949
CMC200,rollout+psign,136,-1.4552528038620949
CMC200,rollout+psign,137,-1.4552528038620949
CMC200,rollout+psign,138,-1.4552528038620949
CMC200,rollout+psign,139,-1.4552528038620949
CMC200,rollout+psign,140,-1.4552528038620949
CMC200,rollout+psign,141,-1.4552528038620949
CMC200,rollout+psign,142,-1.4552528038620949
CMC200,rollout+psign,143,-1.4552528038620949
CMC200,rollout+psign,144,-1.4552528038620949
CMC200,rollout+psign,145,-1.4552528038620949
CMC200,rollout+psign,146,-1.4552528038620949
CMC200,rollout+psign,147,-1.4552528038620949
CMC200,rollout+psign,148,-1.4552528038620949
CMC200,rollout+psign,149,-1.4552528038620949
CMC200,rollout+psign,150,-1.4552528038620949
CMC200,rollout+psign,151,-1.4552528038620949
CMC200,rollout+psign,152,-1.4552528038620949
CMC200,rollout+psign,153,-1.4552528038620949
CMC200,rollout+psign,154,-1.4552528038620949
CMC200,rollout+psign,155,-1.4552528038620949
CMC200,rollout+psign,156,-1.4552528038620949
CMC200,rollout+psign,157,-1.4552528038620949
CMC200,rollout+psign,158,-1.4552528038620949
CMC200,rollout+psign,159,-1.4552528038620949
CMC200,rollout+psign,160,-1.4552528038620949
CMC200,rollout+psign,161,-1.4552528038620949
CMC200,rollout+psign,162,-1.4552528038620949
CMC200,rollout+psign,163,-1.4552528038620949
CMC200,scenarios+psign,1,-1.174885593354702
CMC200,scenarios+psign,2,-0.4459291696548462
CMC200,scenarios+psign,3,-0.2917267382144928
CMC200,scenarios+psign,4,-0.9926462545990944
CMC200,scenarios+psign,5,-0.7122784852981567
CMC200,scenarios+psign,6,-0.7262967526912689
CMC200,scenarios+psign,7,-0.8945174515247345
CMC200,scenarios+psign,8,-0.5020029842853546
CMC200,scenarios+psign,9,-0.6982602179050446
CMC200,scenarios+psign,10,-0.516020879149437
CMC200,scenarios+psign,11,-0.6562050431966782
CMC200,scenarios+psign,12,-0.9786278009414673
CMC200,scenarios+psign,13,-0.5861129611730576
CMC200,scenarios+psign,14,-0.7683519273996353
CMC200,scenarios+psign,15,-0.9225545451045036
CMC200,scenarios+psign,16,-0.6281685084104538
CMC200,scenarios+psign,17,-0.9085355326533318
CMC200,scenarios+psign,18,-0.6141494959592819
CMC200,scenarios+psign,19,-0.6842412054538727
CMC200,scenarios+psign,20,-0.936572253704071
CMC200,scenarios+psign,21,-1.0767564177513123
CMC200,scenarios+psign,22,-0.740315392613411
CMC200,scenarios+psign,23,-0.7963886484503746
CMC200,scenarios+psign,24,-0.7823703810572624
CMC200,scenarios+psign,25,-0.5440577864646912
CMC200,scenarios+psign,26,-0.754334032535553
CMC200,scenarios+psign,27,-0.9646093472838402
CMC200,scenarios+psign,28,-0.4459291696548462
CMC200,scenarios+psign,29,-0.37583746016025543
CMC200,scenarios+psign,30,-0.9505908936262131
CMC200,scenarios+psign,31,-0.5861129611730576
CMC200,scenarios+psign,32,-0.6421864032745361
CMC200,scenarios+psign,33,-0.5720946937799454
CMC200,scenarios+psign,34,-0.9225545451045036
CMC200,scenarios+psign,35,-1.0907748714089394
CMC200,scenarios+psign,36,-0.7683519273996353
CMC200,scenarios+psign,37,-0.7963886484503746
CMC200,scenarios+psign,38,-0.754334032535553
CMC200,scenarios+psign,39,-0.6281685084104538
CMC200,scenarios+psign,40,-0.37583746016025543
CMC200,scenarios+psign,41,-0.852462649345398
CMC200,scenarios+psign,42,-0.47396570444107056
CMC200,scenarios+psign,43,-1.0627381503582
CMC200,scenarios+psign,44,-0.936572253704071
CMC200,scenarios+psign,45,-0.9505908936262131
CMC200,scenarios+psign,46,-0.8244259282946587
CMC200,scenarios+psign,47,-0.6842412054538727
CMC200,scenarios+psign,48,-0.8384440094232559
CMC200,scenarios+psign,49,-0.6842412054538727
CMC200,scenarios+psign,50,-1.0206829756498337
CMC200,scenarios+psign,51,-0.4599478095769882
CMC200,scenarios+psign,52,-0.740315392613411
CMC200,scenarios+psign,53,-0.5580764263868332
CMC200,scenarios+psign,54,-0.9085355326533318
CMC200,scenarios+psign,55,-1.048719696700573
CMC200,scenarios+psign,56,-0.2917267382144928
CMC200,scenarios+psign,57,-1.2309584766626358
CMC200,scenarios+psign,58,-0.47396570444107056
CMC200,scenarios+psign,59,-0.8104071021080017
CMC200,scenarios+psign,60,-0.6982602179050446
CMC200,scenarios+psign,61,-0.9225545451045036
CMC200,scenarios+psign,62,-0.9085355326533318
CMC200,scenarios+psign,63,-0.43191127479076385
CMC200,scenarios+psign,64,-0.7823703810572624
CMC200,scenarios+psign,65,-0.754334032535553
CMC200,scenarios+psign,66,-0.33378228545188904
CMC200,scenarios+psign,67,-0.6281685084104538
CMC200,scenarios+psign,68,-1.0767564177513123
CMC200,scenarios+psign,69,-0.6421864032745361
CMC200,scenarios+psign,70,-0.5580764263868332
CMC200,scenarios+psign,71,-0.6982602179050446
CMC200,scenarios+psign,72,-0.5861129611730576
CMC200,scenarios+psign,73,-0.7683519273996353
CMC200,scenarios+psign,74,-0.754334032535553
CMC200,scenarios+psign,75,-0.7122784852981567
CMC200,scenarios+psign,76,-0.740315392613411
CMC200,scenarios+psign,77,-0.2917267382144928
CMC200,scenarios+psign,78,-0.6141494959592819
CMC200,scenarios+psign,79,-0.7122784852981567
CMC200,scenarios+psign,80,-0.7262967526912689
CMC200,scenarios+psign,81,-0.8384440094232559
CMC200,scenarios+psign,82,-0.8104071021080017
CMC200,scenarios+psign,83,-0.516020879149437
CMC200,scenarios+psign,84,-0.5720946937799454
CMC200,scenarios+psign,85,-0.9225545451045036
CMC200,scenarios+psign,86,-0.13752542436122894
CMC200,scenarios+psign,87,-1.0066643357276917
CMC200,scenarios+psign,88,-0.740315392613411
CMC200,scenarios+psign,89,-1.273014023900032
CMC200,scenarios+psign,90,-0.936572253704071
CMC200,scenarios+psign,91,-0.852462649345398
CMC200,scenarios+psign,92,-0.8384440094232559
CMC200,scenarios+psign,93,-1.273014023900032
CMC200,scenarios+psign,94,-0.48798471689224243
CMC200,scenarios+psign,95,-0.8804991841316223
CMC200,scenarios+psign,96,-0.5440577864646912
CMC200,scenarios+psign,97,-0.9786278009414673
CMC200,scenarios+psign,98,-0.7963886484503746
CMC200,scenarios+psign,99,-0.6562050431966782
CMC200,scenarios+psign,100,-0.2917267382144928
CMC200,scenarios+psign,101,-0.47396570444107056
CMC200,scenarios+psign,102,-0.6281685084104538
CMC200,scenarios+psign,103,-0.7963886484503746
CMC200,scenarios+psign,104,-0.9646093472838402
CMC200,scenarios+psign,105,-0.5580764263868332
CMC200,scenarios+psign,106,-0.5440577864646912
CMC200,scenarios+psign,107,-0.740315392613411
CMC200,scenarios+psign,108,-0.8804991841316223
CMC200,scenarios+psign,109,-0.7122784852981567
CMC200,scenarios+psign,110,-0.9505908936262131
CMC200,scenarios+psign,111,-0.6702236831188202
CMC200,scenarios+psign,112,-0.5720946937799454
CMC200,scenarios+psign,113,-0.740315392613411
CMC200,scenarios+psign,114,-0.6562050431966782
CMC200,scenarios+psign,115,-1.034701056778431
CMC200,scenarios+psign,116,-0.8244259282946587
CMC200,scenarios+psign,117,-0.6702236831188202
CMC200,scenarios+psign,118,-0.6141494959592819
CMC200,scenarios+psign,119,-0.6281685084104538
CMC200,scenarios+psign,120,-0.7963886484503746
CMC200,scenarios+psign,121,-0.6842412054538727
CMC200,scenarios+psign,122,-0.516020879149437
CMC200,scenarios+psign,123,-0.8804991841316223
CMC200,scenarios+psign,124,-0.5020029842853546
CMC200,scenarios+psign,125,-0.8244259282946587
CMC200,scenarios+psign,126,-0.8244259282946587
CMC200,scenarios+psign,127,-0.5580764263868332
CMC200,scenarios+psign,128,-0.8664803579449654
CMC200,scenarios+psign,129,-0.7963886484503746
CMC200,scenarios+psign,130,-1.1328302323818207
CMC200,scenarios+psign,131,-0.5300398916006088
CMC200,scenarios+psign,132,-0.5720946937799454
CMC200,scenarios+psign,133,-0.4178926348686218
CMC200,scenarios+psign,134,-0.516020879149437
CMC200,scenarios+psign,135,-0.852462649345398
CMC200,scenarios+psign,136,-1.0066643357276917
CMC200,scenarios+psign,137,-1.0767564177513123
CMC200,scenarios+psign,138,-0.8664803579449654
CMC200,scenarios+psign,139,-0.5300398916006088
CMC200,scenarios+psign,140,-0.7122784852981567
CMC200,scenarios+psign,141,-0.6842412054538727
CMC200,scenarios+psign,142,-0.4459291696548462
CMC200,scenarios+psign,143,-0.8244259282946587
CMC200,scenarios+psign,144,-0.8664803579449654
CMC200,scenarios+psign,145,-0.7683519273996353
CMC200,scenarios+psign,146,-0.5720946937799454
CMC200,scenarios+psign,147,-0.7823703810572624
CMC200,scenarios+psign,148,-0.6281685084104538
CMC200,scenarios+psign,149,-0.5580764263868332
CMC200,scenarios+psign,150,-0.8104071021080017
CMC200,scenarios+psign,151,-0.6702236831188202
CMC200,scenarios+psign,152,-0.6982602179050446
CMC200,scenarios+psign,153,-0.9505908936262131
CMC200,scenarios+psign,154,-0.7262967526912689
CMC200,scenarios+psign,155,-0.6421864032745361
CMC200,scenarios+psign,156,-1.0206829756498337
CMC200,scenarios+psign,157,-1.1188114061951637
CMC200,scenarios+psign,158,-0.6982602179050446
CMC200,scenarios+psign,159,-0.6702236831188202
CMC200,scenarios+psign,160,-0.6562050431966782
CMC200,scenarios+psign,161,-0.7683519273996353
CMC200,scenarios+psign,162,-0.7122784852981567
CMC200,scenarios+psign,163,-0.5440577864646912
