scenario,asset,t,r_pct,cum_pct
0,SPX,1,-1.152750849723816,-1.1527538299560547
0,SPX,2,2.1467015743255615,0.9691953659057617
0,SPX,3,4.526224136352539,5.539286136627197
0,SPX,4,-3.965993881225586,1.353609561920166
0,SPX,5,2.6182785034179688,4.007327556610107
0,SPX,6,-4.592411041259766,-0.769120454788208
0,SPX,7,-5.018863677978516,-5.749386787414551
0,SPX,8,0.691642165184021,-5.097508430480957
0,SPX,9,2.0840201377868652,-3.119724988937378
0,SPX,10,-1.2624740600585938,-4.342812538146973
0,SPX,11,-0.06967960298061371,-4.409461975097656
0,SPX,12,0.057608913630247116,-4.354387283325195
0,SPX,13,-1.2298510074615479,-5.5306854248046875
0,SPX,14,-1.2573271989822388,-6.71846866607666
0,SPX,15,0.07282169163227081,-6.650537490844727
0,SPX,16,1.9496768712997437,-4.830521583557129
0,SPX,17,-4.419341087341309,-9.03637981414795
0,SPX,18,-1.6128391027450562,-10.503477096557617
0,SPX,19,-1.0259151458740234,-11.421632766723633
0,SPX,20,-5.518551826477051,-16.30987548828125
0,SPX,21,2.511931896209717,-14.207637786865234
0,SPX,22,-5.8206586837768555,-19.20131492614746
0,SPX,23,2.468261957168579,-17.20699119567871
0,SPX,24,-1.0947957038879395,-18.113405227661133
0,SPX,25,5.045986652374268,-13.981419563293457
0,SPX,26,0.36710891127586365,-13.665639877319336
0,SPX,27,4.807554721832275,-9.515070915222168
0,SPX,28,1.7651710510253906,-7.917862892150879
0,SPX,29,2.0049116611480713,-6.0716986656188965
0,SPX,30,1.9562333822250366,-4.234236717224121
0,SPX,31,1.9587539434432983,-2.358424663543701
0,SPX,32,1.9553605318069458,-0.4491746425628662
0,SPX,33,-1.0849684476852417,-1.5292704105377197
0,SPX,34,2.2083418369293213,0.6453037261962891
0,SPX,35,4.614160537719727,5.289244651794434
0,SPX,36,-3.9982869625091553,1.0794758796691895
0,SPX,37,5.063961982727051,6.198108196258545
0,SPX,38,0.8239032030105591,7.073080539703369
0,SPX,39,-1.7330751419067383,5.217421054840088
0,SPX,40,-4.134293556213379,0.8674263954162598
0,SPX,41,5.154232501983643,6.0663580894470215
0,SPX,42,0.657180666923523,6.76339864730835
0,SPX,43,-1.8009454011917114,4.840648174285889
0,SPX,44,5.2222466468811035,10.315692901611328
0,SPX,45,1.6823575496673584,12.171590805053711
0,SPX,46,-3.0975327491760254,8.697032928466797
0,SPX,47,5.060570240020752,14.19771957397461
0,SPX,48,4.476080417633057,19.309307098388672
0,SPX,49,4.782996654510498,25.015867233276367
0,SPX,50,-1.535315752029419,23.096477508544922
0,SPX,51,-1.9882872104644775,20.648967742919922
0,SPX,52,0.5832345485687256,21.352636337280273
0,SPX,53,0.5993452668190002,22.0799560546875
0,SPX,54,4.851358890533447,28.00248908996582
0,SPX,55,0.6622938513755798,28.85023307800293
0,SPX,56,-2.892911434173584,25.12271499633789
0,SPX,57,-4.03054141998291,20.07958984375
0,SPX,58,-5.78090238571167,13.13791275024414
0,SPX,59,-7.5743088722229,4.568493366241455
0,SPX,60,-9.851873397827148,-5.733460426330566
0,SPX,61,-12.972256660461426,-17.96196174621582
0,SPX,62,-3.1136202812194824,-20.516311645507812
0,SPX,63,3.0554280281066895,-18.087745666503906
0,SPX,64,1.967835783958435,-16.475845336914062
0,SPX,65,-1.780855655670166,-17.96329116821289
0,SPX,66,-0.133208230137825,-18.072568893432617
0,SPX,67,0.016091903671622276,-18.059385299682617
0,SPX,68,1.8251475095748901,-16.56385040283203
0,SPX,69,-4.184634208679199,-20.055347442626953
0,SPX,70,-1.7403497695922852,-21.44666290283203
0,SPX,71,0.13773366808891296,-21.338468551635742
0,SPX,72,-1.0222941637039185,-22.14261817932129
0,SPX,73,-4.928918361663818,-25.980144500732422
0,SPX,74,-1.2540727853775024,-26.908403396606445
0,SPX,75,0.07934253662824631,-26.85040855407715
0,SPX,76,-5.409509658813477,-30.80744171142578
0,SPX,77,2.446345567703247,-29.11475372314453
0,SPX,78,0.047834403812885284,-29.08084487915039
0,SPX,79,-4.330727577209473,-32.152164459228516
0,SPX,80,0.10476773977279663,-32.081077575683594
0,SPX,81,-1.0153040885925293,-32.77066421508789
0,SPX,82,5.03891658782959,-29.383033752441406
0,SPX,83,-4.607666492462158,-32.63682556152344
0,SPX,84,2.544687032699585,-30.922645568847656
0,SPX,85,1.8897547721862793,-29.61725616455078
0,SPX,86,4.834237098693848,-26.21479034423828
0,SPX,87,1.7521299123764038,-24.921977996826172
0,SPX,88,4.773199081420898,-21.338356018066406
0,SPX,89,-1.2071669101715088,-22.287935256958008
0,SPX,90,-1.7922788858413696,-23.68075180053711
0,SPX,91,-4.70949125289917,-27.275001525878906
0,SPX,92,0.7914590835571289,-26.699417114257812
0,SPX,93,0.4367940127849579,-26.37924575805664
0,SPX,94,4.898838996887207,-22.772687911987305
0,SPX,95,1.6254905462265015,-21.517366409301758
0,SPX,96,4.824054718017578,-17.731321334838867
0,SPX,97,-1.3558998107910156,-18.846797943115234
0,SPX,98,-3.132246494293213,-21.388715744018555
0,SPX,99,-4.890779495239258,-25.233423233032227
0,SPX,100,2.6968424320220947,-23.217082977294922
0,SPX,101,4.72765588760376,-19.587045669555664
0,SPX,102,1.6659233570098877,-18.247425079345703
0,SPX,103,-3.0265583992004395,-20.721715927124023
0,SPX,104,-3.896521806716919,-23.810810089111328
0,SPX,105,5.305443286895752,-19.768630981445312
0,SPX,106,4.427398204803467,-16.216468811035156
0,SPX,107,-1.6745269298553467,-17.619449615478516
0,SPX,108,5.150527000427246,-13.376408576965332
0,SPX,109,-4.202834606170654,-17.01705551147461
0,SPX,110,0.013702083379030228,-17.005687713623047
0,SPX,111,5.018388748168945,-12.84071159362793
0,SPX,112,0.7537744045257568,-12.183732032775879
0,SPX,113,-2.953098773956299,-14.777034759521484
0,SPX,114,0.1855434775352478,-14.618903160095215
0,SPX,115,0.11604558676481247,-14.519816398620605
0,SPX,116,5.09364128112793,-10.165757179260254
0,SPX,117,-4.322725296020508,-14.049047470092773
0,SPX,118,-0.18308348953723907,-14.206409454345703
0,SPX,119,5.114526748657227,-9.818470001220703
0,SPX,120,1.6909993886947632,-8.293503761291504
0,SPX,121,-0.13653817772865295,-8.41871452331543
0,SPX,122,-1.5985190868377686,-9.882658958435059
0,SPX,123,-4.454436779022217,-13.896876335144043
0,SPX,124,0.5585252046585083,-13.415974617004395
0,SPX,125,-5.812063694000244,-18.448293685913086
0,SPX,126,2.5090408325195312,-16.40212631225586
0,SPX,127,-5.8352837562561035,-21.28030014038086
0,SPX,128,-1.5092909336090088,-22.468412399291992
0,SPX,129,-0.9504750370979309,-23.2053279876709
0,SPX,130,-5.6953206062316895,-27.57902717590332
0,SPX,131,4.904975414276123,-24.026798248291016
0,SPX,132,-1.1231273412704468,-24.880075454711914
0,SPX,133,-3.970465898513794,-27.862686157226562
0,SPX,134,5.110632419586182,-24.176013946533203
0,SPX,135,-5.180814743041992,-28.104310989379883
0,SPX,136,-4.716257095336914,-31.495100021362305
0,SPX,137,-7.073117256164551,-36.34053039550781
0,SPX,138,-0.4351094365119934,-36.617515563964844
0,SPX,139,4.723925590515137,-33.623374938964844
0,SPX,140,-4.9996747970581055,-36.941986083984375
0,SPX,141,-2.177609443664551,-38.31513977050781
0,SPX,142,5.009564399719238,-35.224998474121094
0,SPX,143,4.267548561096191,-32.460697174072266
0,SPX,144,-3.4007489681243896,-34.757537841796875
0,SPX,145,-2.349604606628418,-36.29047393798828
0,SPX,146,5.14663028717041,-33.011573791503906
0,SPX,147,-4.858440399169922,-36.26616668701172
0,SPX,148,-0.02350783906877041,-36.281150817871094
0,SPX,149,-1.367861032485962,-37.15273666381836
0,SPX,150,5.014079570770264,-34.001529693603516
0,SPX,151,1.6291704177856445,-32.92629623413086
0,SPX,152,-3.1842799186706543,-35.06211471557617
0,SPX,153,-1.9348933696746826,-36.31859588623047
0,SPX,154,5.204789638519287,-33.00411605834961
0,SPX,155,-1.0673418045043945,-33.71919250488281
0,SPX,156,2.132366895675659,-32.305843353271484
0,SPX,157,-4.035542011260986,-35.03767395019531
0,SPX,158,0.161622554063797,-34.93267822265625
0,SPX,159,-1.1568933725357056,-35.6854362487793
0,SPX,160,-1.2469336986541748,-36.48740005493164
0,SPX,161,5.138570308685303,-33.223758697509766
0,SPX,162,1.6036365032196045,-32.15290832519531
0,SPX,163,1.864976406097412,-30.8875732421875
1,SPX,1,0.22285374999046326,0.22284984588623047
1,SPX,2,-1.1384680271148682,-0.9181559085845947
1,SPX,3,-1.1879875659942627,-2.0952343940734863
1,SPX,4,0.43302467465400696,-1.671278476715088
1,SPX,5,4.87993860244751,3.1270980834960938
1,SPX,6,-4.336285591125488,-1.3447880744934082
1,SPX,7,-4.12150239944458,-5.410861968994141
1,SPX,8,0.5087260007858276,-4.929661750793457
1,SPX,9,5.054172515869141,-0.12463927268981934
1,SPX,10,0.4697350859642029,0.34450292587280273
1,SPX,11,-2.983461380004883,-2.649235725402832
1,SPX,12,5.158616065979004,2.37271785736084
1,SPX,13,4.450453281402588,6.928765773773193
1,SPX,14,4.754875183105469,12.013101577758789
1,SPX,15,4.7623443603515625,17.347549438476562
1,SPX,16,0.4503808915615082,17.87606430053711
1,SPX,17,-0.08117393404245377,17.780376434326172
1,SPX,18,4.875304222106934,23.522520065307617
1,SPX,19,-1.069922685623169,22.200929641723633
1,SPX,20,5.022223472595215,28.338134765625
1,SPX,21,-4.260406017303467,22.87040901184082
1,SPX,22,-2.1087944507598877,20.27932357788086
1,SPX,23,-5.797735691070557,13.305843353271484
1,SPX,24,-1.0468707084655762,12.119674682617188
1,SPX,25,-6.810683727264404,4.483556747436523
1,SPX,26,-0.7514983415603638,3.6983728408813477
1,SPX,27,-7.067364692687988,-3.6303699016571045
1,SPX,28,0.5914677977561951,-3.060370683670044
1,SPX,29,0.07031010091304779,-2.9922127723693848
1,SPX,30,1.822614312171936,-1.2241363525390625
1,SPX,31,4.57194709777832,3.2918453216552734
1,SPX,32,4.304816722869873,7.738363742828369
1,SPX,33,-1.7535150051116943,5.849158763885498
1,SPX,34,-0.3045846223831177,5.52675724029541
1,SPX,35,0.3113940358161926,5.855369567871094
1,SPX,36,4.778833389282227,10.91402816772461
1,SPX,37,4.4175262451171875,15.813684463500977
1,SPX,38,-1.5168533325195312,14.056957244873047
1,SPX,39,-3.275446653366089,10.321081161499023
1,SPX,40,2.622544288635254,13.214302062988281
1,SPX,41,4.644514083862305,18.472553253173828
1,SPX,42,4.616034984588623,23.9412899017334
1,SPX,43,-3.339487314224243,19.802284240722656
1,SPX,44,5.048402786254883,25.850391387939453
1,SPX,45,-1.3535469770431519,24.14693832397461
1,SPX,46,2.3691465854644775,27.088153839111328
1,SPX,47,4.661965847015381,33.012962341308594
1,SPX,48,-3.8084969520568848,27.947162628173828
1,SPX,49,-3.8140759468078613,23.06716537475586
1,SPX,50,-1.487372875213623,21.2366943359375
1,SPX,51,-1.0949180126190186,19.909250259399414
1,SPX,52,0.20355404913425446,20.153331756591797
1,SPX,53,-5.076861381530762,14.053308486938477
1,SPX,54,-6.125492572784424,7.066977024078369
1,SPX,55,4.664299964904785,12.060904502868652
1,SPX,56,4.4138593673706055,17.007112503051758
1,SPX,57,0.19172894954681396,17.231441497802734
1,SPX,58,-2.881927728652954,13.85291862487793
1,SPX,59,-1.95701265335083,11.624801635742188
1,SPX,60,-5.283057689666748,5.727601051330566
1,SPX,61,2.5685086250305176,8.44322395324707
1,SPX,62,4.757161617279053,13.602054595947266
1,SPX,63,1.6022626161575317,15.422260284423828
1,SPX,64,-3.025568962097168,11.930084228515625
1,SPX,65,-3.8956494331359863,7.569682598114014
1,SPX,66,-5.7344584465026855,1.4011502265930176
1,SPX,67,0.6722814440727234,2.08284854888916
1,SPX,68,2.0911059379577637,4.217517375946045
1,SPX,69,0.03271210193634033,4.251611232757568
1,SPX,70,-0.14382252097129822,4.101681709289551
1,SPX,71,-4.285436630249023,-0.3595292568206787
1,SPX,72,-5.468950271606445,-5.808818340301514
1,SPX,73,0.5889808535575867,-5.254054069519043
1,SPX,74,0.08761193603277206,-5.171048641204834
1,SPX,75,-0.02154395915567875,-5.191474914550781
1,SPX,76,-1.23793625831604,-6.3651442527771
1,SPX,77,-1.270420789718628,-7.5546979904174805
1,SPX,78,-5.086208820343018,-12.256658554077148
1,SPX,79,2.5099895000457764,-10.054313659667969
1,SPX,80,1.8833547830581665,-8.360320091247559
1,SPX,81,-0.162947416305542,-8.509641647338867
1,SPX,82,-1.5064849853515625,-9.887928009033203
1,SPX,83,2.085832118988037,-8.008342742919922
1,SPX,84,0.1184459775686264,-7.899379730224609
1,SPX,85,-3.9172849655151367,-11.507219314575195
1,SPX,86,0.20074984431266785,-11.329573631286621
1,SPX,87,-0.9873971343040466,-12.205105781555176
1,SPX,88,-1.1472806930541992,-13.212358474731445
1,SPX,89,-0.006738491356372833,-13.218212127685547
1,SPX,90,1.9467238187789917,-11.528807640075684
1,SPX,91,4.762451171875,-7.315415382385254
1,SPX,92,-1.0858595371246338,-8.321839332580566
1,SPX,93,-3.1691863536834717,-11.22729206085205
1,SPX,94,-4.783318042755127,-15.4735746383667
1,SPX,95,0.588131308555603,-14.976448059082031
1,SPX,96,0.10656370222568512,-14.885843276977539
1,SPX,97,-4.986018180847168,-19.12965202331543
1,SPX,98,2.4619789123535156,-17.138635635375977
1,SPX,99,-5.500215530395508,-21.696191787719727
1,SPX,100,-1.6247153282165527,-22.96840476989746
1,SPX,101,5.080268383026123,-19.054990768432617
1,SPX,102,-1.1634185314178467,-19.996721267700195
1,SPX,103,-1.9720345735549927,-21.57440757751465
1,SPX,104,2.1486003398895264,-19.889354705810547
1,SPX,105,1.7922296524047852,-18.45359230041504
1,SPX,106,1.7759464979171753,-17.00537109375
1,SPX,107,-3.6788134574890137,-20.058589935302734
1,SPX,108,-4.441630840301514,-23.60929298400879
1,SPX,109,5.185302734375,-19.64820098876953
1,SPX,110,0.46853142976760864,-19.271732330322266
1,SPX,111,4.935507774353027,-15.28738784790039
1,SPX,112,0.3855430483818054,-14.960777282714844
1,SPX,113,-2.7241616249084473,-17.27738380432129
1,SPX,114,2.517242431640625,-15.195054054260254
1,SPX,115,4.778877258300781,-11.14233112335205
1,SPX,116,1.810341715812683,-9.533709526062012
1,SPX,117,-0.24536190927028656,-9.755677223205566
1,SPX,118,-1.4552593231201172,-11.068964004516602
1,SPX,119,-1.3185844421386719,-12.241596221923828
1,SPX,120,2.210770845413208,-10.301458358764648
1,SPX,121,1.833644151687622,-8.656710624694824
1,SPX,122,-3.919694662094116,-12.237090110778809
1,SPX,123,5.110572814941406,-7.751899719238281
1,SPX,124,-1.0927408933639526,-8.759933471679688
1,SPX,125,-1.8700629472732544,-10.46617603302002
1,SPX,126,5.155577659606934,-5.850190162658691
1,SPX,127,-1.0976821184158325,-6.883650779724121
1,SPX,128,-1.8899991512298584,-8.643549919128418
1,SPX,129,-1.4974191188812256,-10.01153564453125
1,SPX,130,-1.1858046054840088,-11.078625679016113
1,SPX,131,0.21971473097801208,-10.883254051208496
1,SPX,132,4.98996639251709,-6.43635368347168
1,SPX,133,-1.0357856750488281,-7.4054718017578125
1,SPX,134,2.0948495864868164,-5.465751647949219
1,SPX,135,-1.228010654449463,-6.626641750335693
1,SPX,136,-0.034004032611846924,-6.658392906188965
1,SPX,137,4.9361114501953125,-2.050948143005371
1,SPX,138,1.7016593217849731,-0.3841817378997803
1,SPX,139,1.9420478343963623,1.5504121780395508
1,SPX,140,1.9094340801239014,3.4894466400146484
1,SPX,141,1.9221454858779907,5.47865629196167
1,SPX,142,-1.1459439992904663,4.269921779632568
1,SPX,143,2.195500373840332,6.559169292449951
1,SPX,144,1.884219765663147,8.566975593566895
1,SPX,145,0.14159055054187775,8.720684051513672
1,SPX,146,-1.2699633836746216,7.339978218078613
1,SPX,147,2.1624033451080322,9.661102294921875
1,SPX,148,-0.9229019284248352,8.649039268493652
1,SPX,149,-4.108705997467041,4.184973239898682
1,SPX,150,-1.3857245445251465,2.74125337600708
1,SPX,151,2.283947467803955,5.087804794311523
1,SPX,152,-4.998690605163574,-0.1652061939239502
1,SPX,153,2.4977176189422607,2.3283839225769043
1,SPX,154,1.8800996541976929,4.252254962921143
1,SPX,155,-1.4190747737884521,2.772843837738037
1,SPX,156,5.071308135986328,7.984769344329834
1,SPX,157,0.5466566681861877,8.575081825256348
1,SPX,158,-1.6931265592575073,6.736767292022705
1,SPX,159,-1.5930817127227783,5.036365985870361
1,SPX,160,0.21283236145973206,5.259919166564941
1,SPX,161,0.17472998797893524,5.443835258483887
1,SPX,162,-4.5912885665893555,0.6026029586791992
1,SPX,163,5.121960163116455,5.755424499511719
2,SPX,1,-4.482701301574707,-4.482698440551758
2,SPX,2,-5.737504959106445,-9.963011741638184
2,SPX,3,0.9750945568084717,-9.085064888000488
2,SPX,4,-0.6707996129989624,-9.694921493530273
2,SPX,5,4.772109031677246,-5.385458469390869
2,SPX,6,-4.467774391174316,-9.612619400024414
2,SPX,7,-2.2021219730377197,-11.603063583374023
2,SPX,8,2.3524551391601562,-9.523571014404297
2,SPX,9,-1.1421904563903809,-10.556983947753906
2,SPX,10,-4.2817912101745605,-14.386743545532227
2,SPX,11,-1.477000117301941,-15.65125560760498
2,SPX,12,-6.0492730140686035,-20.753742218017578
2,SPX,13,4.913477420806885,-16.859996795654297
2,SPX,14,-1.084926724433899,-17.761999130249023
2,SPX,15,-0.3265889883041382,-18.03058433532715
2,SPX,16,5.007358074188232,-13.926076889038086
2,SPX,17,0.4644460082054138,-13.526302337646484
2,SPX,18,-1.8062307834625244,-15.088218688964844
2,SPX,19,-1.6561315059661865,-16.494470596313477
2,SPX,20,-1.2560456991195679,-17.543338775634766
2,SPX,21,2.161496877670288,-15.761035919189453
2,SPX,22,-4.747662544250488,-19.760417938232422
2,SPX,23,-5.275667667388916,-23.993593215942383
2,SPX,24,4.97331428527832,-20.21355628967285
2,SPX,25,1.7441209554672241,-18.821990966796875
2,SPX,26,-3.7000343799591064,-21.825605392456055
2,SPX,27,2.42630672454834,-19.92885971069336
2,SPX,28,0.16008512675762177,-19.800674438476562
2,SPX,29,4.96852970123291,-15.815949440002441
2,SPX,30,-4.107269763946533,-19.27362060546875
2,SPX,31,-3.7682340145111084,-22.315580368041992
2,SPX,32,-1.488800287246704,-23.47214126586914
2,SPX,33,5.269439697265625,-19.43954849243164
2,SPX,34,-4.984896659851074,-23.455406188964844
2,SPX,35,2.5580430030822754,-21.49736213684082
2,SPX,36,4.69839334487915,-17.808998107910156
2,SPX,37,0.27968642115592957,-17.579120635986328
2,SPX,38,-0.358112096786499,-17.874277114868164
2,SPX,39,5.001063823699951,-13.767110824584961
2,SPX,40,-4.217717170715332,-17.4041748046875
2,SPX,41,2.6715939044952393,-15.197545051574707
2,SPX,42,-4.651849746704102,-19.142431259155273
2,SPX,43,2.6514816284179688,-16.998512268066406
2,SPX,44,0.24836519360542297,-16.792369842529297
2,SPX,45,5.026638031005859,-12.609821319580078
2,SPX,46,-4.123009204864502,-16.212928771972656
2,SPX,47,-0.20881569385528564,-16.38788604736328
2,SPX,48,0.16605974733829498,-16.249042510986328
2,SPX,49,0.12928880751132965,-16.140758514404297
2,SPX,50,4.967979907989502,-11.974650382995605
2,SPX,51,1.6560088396072388,-10.51694107055664
2,SPX,52,-1.6174137592315674,-11.964255332946777
2,SPX,53,-3.8586437702178955,-15.36124324798584
2,SPX,54,2.5962746143341064,-13.163793563842773
2,SPX,55,-5.14908504486084,-17.63506507873535
2,SPX,56,2.5748274326324463,-15.514314651489258
2,SPX,57,-1.1088922023773193,-16.451168060302734
2,SPX,58,5.146481990814209,-12.151342391967773
2,SPX,59,1.6142219305038452,-10.733270645141602
2,SPX,60,-1.7361432313919067,-12.283068656921387
2,SPX,61,-1.7109155654907227,-13.783830642700195
2,SPX,62,-5.026954650878906,-18.117881774902344
2,SPX,63,4.937869548797607,-14.074641227722168
2,SPX,64,-1.0900452136993408,-15.011262893676758
2,SPX,65,-0.17805638909339905,-15.162592887878418
2,SPX,66,-1.474633812904358,-16.41362953186035
2,SPX,67,-4.8272199630737305,-20.448524475097656
2,SPX,68,-6.338667869567871,-25.491029739379883
2,SPX,69,2.5819900035858154,-23.567216873168945
2,SPX,70,-6.432484149932861,-28.483741760253906
2,SPX,71,-7.106705188751221,-33.56618881225586
2,SPX,72,3.3344712257385254,-31.350971221923828
2,SPX,73,-0.8512705564498901,-31.93536376953125
2,SPX,74,-4.863272666931152,-35.24553298950195
2,SPX,75,0.292056143283844,-35.056419372558594
2,SPX,76,4.786522388458252,-31.9478759765625
2,SPX,77,0.42447429895401,-31.659013748168945
2,SPX,78,-3.0518293380737305,-33.74466323852539
2,SPX,79,5.037181377410889,-30.40726089477539
2,SPX,80,1.7067164182662964,-29.21950912475586
2,SPX,81,4.895514011383057,-25.754446029663086
2,SPX,82,-1.289551019668579,-26.711881637573242
2,SPX,83,-0.24990314245224,-26.895034790039062
2,SPX,84,0.2901551425457001,-26.682918548583984
2,SPX,85,4.867688179016113,-23.114072799682617
2,SPX,86,-1.0490193367004395,-23.92061996459961
2,SPX,87,5.009644985198975,-20.10931968688965
2,SPX,88,4.433811187744141,-16.56711769104004
2,SPX,89,2.113194704055786,-14.804011344909668
2,SPX,90,4.663107872009277,-10.831231117248535
2,SPX,91,4.772539138793945,-6.575613975524902
2,SPX,92,-1.367315649986267,-7.853025436401367
2,SPX,93,0.05869176238775253,-7.798945903778076
2,SPX,94,-1.3119533061981201,-9.008580207824707
2,SPX,95,2.2978053092956543,-6.917774677276611
2,SPX,96,-1.0771081447601318,-7.920372486114502
2,SPX,97,2.133589506149292,-5.95577335357666
2,SPX,98,4.721005439758301,-1.5159368515014648
2,SPX,99,1.791511058807373,0.24842023849487305
2,SPX,100,1.9888341426849365,2.2421956062316895
2,SPX,101,-1.2987494468688965,0.9143233299255371
2,SPX,102,2.2277042865753174,3.16239595413208
2,SPX,103,0.3781065344810486,3.5524606704711914
2,SPX,104,-1.268266201019287,2.2391438484191895
2,SPX,105,5.106364727020264,7.459843158721924
2,SPX,106,1.7231560945510864,9.311544418334961
2,SPX,107,-3.1816811561584473,5.833601951599121
2,SPX,108,-4.06892728805542,1.5273094177246094
2,SPX,109,2.690582752227783,4.258978366851807
2,SPX,110,-5.358293056488037,-1.3275206089019775
2,SPX,111,-1.7413303852081299,-3.0457377433776855
2,SPX,112,-6.341299533843994,-9.193902969360352
2,SPX,113,2.513461112976074,-6.911534309387207
2,SPX,114,0.1908634752035141,-6.733858585357666
2,SPX,115,-4.6003289222717285,-11.024409294128418
2,SPX,116,4.956392765045166,-6.614434719085693
2,SPX,117,4.345058917999268,-2.556777000427246
2,SPX,118,-3.506958484649658,-5.974072456359863
2,SPX,119,5.047879695892334,-1.2277543544769287
2,SPX,120,1.792274832725525,0.5425214767456055
2,SPX,121,-3.103168249130249,-2.577483654022217
2,SPX,122,0.10969787836074829,-2.4706125259399414
2,SPX,123,0.2415522038936615,-2.23502516746521
2,SPX,124,0.117434561252594,-2.1202147006988525
2,SPX,125,5.011576175689697,2.7850985527038574
2,SPX,126,0.47997188568115234,3.2784342765808105
2,SPX,127,4.7970709800720215,8.232772827148438
2,SPX,128,-1.1216745376586914,7.018756866455078
2,SPX,129,2.2920942306518555,9.471726417541504
2,SPX,130,4.601981163024902,14.509593963623047
2,SPX,131,-1.1247843503952026,13.221609115600586
2,SPX,132,5.001137733459473,18.88397979736328
2,SPX,133,4.468963146209717,24.196863174438477
2,SPX,134,4.846937656402588,30.216609954833984
2,SPX,135,0.6655020713806152,31.083202362060547
2,SPX,136,2.369661331176758,34.18943786621094
2,SPX,137,0.5413282513618469,34.91584014892578
2,SPX,138,2.18731951713562,37.86688995361328
2,SPX,139,0.33146822452545166,38.32387924194336
2,SPX,140,4.87037467956543,45.06077575683594
2,SPX,141,1.8897607326507568,47.80208969116211
2,SPX,142,-1.3552546501159668,45.79899215698242
2,SPX,143,-3.7708475589752197,40.30113220214844
2,SPX,144,-5.444829940795898,32.6619758605957
2,SPX,145,-7.406197547912598,22.836769104003906
2,SPX,146,1.0419895648956299,24.11670684814453
2,SPX,147,-7.217379093170166,15.158737182617188
2,SPX,148,3.7075083255767822,19.428253173828125
2,SPX,149,0.5199216604232788,20.049179077148438
2,SPX,150,-4.300766944885254,14.886140823364258
2,SPX,151,4.697967052459717,20.283449172973633
2,SPX,152,-1.453348994255066,18.53530502319336
2,SPX,153,2.0899112224578857,21.01258087158203
2,SPX,154,4.649189472198486,26.638675689697266
2,SPX,155,0.4002743363380432,27.145565032958984
2,SPX,156,2.03783917427063,29.7365779876709
2,SPX,157,4.667839050292969,35.79248046875
2,SPX,158,-1.1501312255859375,34.23068618774414
2,SPX,159,-0.1840001940727234,33.98369598388672
2,SPX,160,0.31229686737060547,34.40211868286133
2,SPX,161,4.868254661560059,40.945159912109375
2,SPX,162,-1.0155647993087769,39.51376724243164
2,SPX,163,-1.751968264579773,37.069522857666016
3,SPX,1,-4.482701301574707,-4.482698440551758
3,SPX,2,-5.737504959106445,-9.963011741638184
3,SPX,3,0.9750945568084717,-9.085064888000488
3,SPX,4,4.5969390869140625,-4.905760288238525
3,SPX,5,4.33297061920166,-0.7853567600250244
3,SPX,6,-3.3184900283813477,-4.077786445617676
3,SPX,7,-2.37186861038208,-6.3529372215271
3,SPX,8,2.3615238666534424,-4.141438007354736
3,SPX,9,4.665770530700684,0.3311038017272949
3,SPX,10,-1.4050781726837158,-1.078629493713379
3,SPX,11,5.056468963623047,3.9232969284057617
3,SPX,12,1.7838735580444336,5.777156352996826
3,SPX,13,-0.03529847413301468,5.7398200035095215
3,SPX,14,4.8472185134887695,10.865259170532227
3,SPX,15,-1.117236852645874,9.626638412475586
3,SPX,16,5.000729560852051,15.108776092529297
3,SPX,17,-4.221700191497803,10.249221801757812
3,SPX,18,0.09614741802215576,10.355222702026367
3,SPX,19,4.9954304695129395,15.867937088012695
3,SPX,20,-1.275569200515747,14.389955520629883
3,SPX,21,-1.9773930311203003,12.128019332885742
3,SPX,22,-4.846086502075195,6.694197654724121
3,SPX,23,-6.548330307006836,-0.2924919128417969
3,SPX,24,-8.777704238891602,-9.044522285461426
3,SPX,25,1.0786701440811157,-8.063417434692383
3,SPX,26,2.2593495845794678,-5.9862494468688965
3,SPX,27,-1.3530030250549316,-7.258254051208496
3,SPX,28,1.887242078781128,-5.507999420166016
3,SPX,29,0.01736222766339779,-5.491596221923828
3,SPX,30,-0.19650989770889282,-5.677312850952148
3,SPX,31,1.9155137538909912,-3.870546817779541
3,SPX,32,1.7611629962921143,-2.177548408508301
3,SPX,33,-1.2533009052276611,-3.4035563468933105
3,SPX,34,4.935161590576172,1.3636350631713867
3,SPX,35,0.5840745568275452,1.9556760787963867
3,SPX,36,2.0440454483032227,4.0396928787231445
3,SPX,37,-3.56905460357666,0.32645463943481445
3,SPX,38,-4.214523792266846,-3.901827335357666
3,SPX,39,5.327544212341309,1.2178421020507812
3,SPX,40,-1.0286033153533936,0.17671585083007812
3,SPX,41,5.18853235244751,5.374419689178467
3,SPX,42,0.5080475211143494,5.909764766693115
3,SPX,43,-2.7863547801971436,2.9587388038635254
3,SPX,44,0.08322736620903015,3.044438362121582
3,SPX,45,0.03588274121284485,3.0814170837402344
3,SPX,46,2.0101354122161865,5.153489112854004
3,SPX,47,4.852283477783203,10.255837440490723
3,SPX,48,-1.016385793685913,9.135210037231445
3,SPX,49,-3.128574848175049,5.720829963684082
3,SPX,50,0.2659868597984314,6.00203275680542
3,SPX,51,-5.120604515075684,0.5740880966186523
3,SPX,52,2.5903875827789307,3.179335594177246
3,SPX,53,0.17617502808570862,3.3611178398132324
3,SPX,54,-1.4444842338562012,1.8680810928344727
3,SPX,55,-0.07249084115028381,1.7942309379577637
3,SPX,56,5.009443759918213,6.893563270568848
3,SPX,57,-4.407681465148926,2.1820425987243652
3,SPX,58,5.122858047485352,7.416677474975586
3,SPX,59,1.7656217813491821,9.313249588012695
3,SPX,60,-3.2464921474456787,5.764400959014893
3,SPX,61,2.536923885345459,8.447563171386719
3,SPX,62,4.697437763214111,13.541830062866211
3,SPX,63,-3.902845859527588,9.110462188720703
3,SPX,64,-3.7538349628448486,5.014634132385254
3,SPX,65,-5.921992778778076,-1.2043297290802002
3,SPX,66,2.6795034408569336,1.4428973197937012
3,SPX,67,1.9606683254241943,3.431856632232666
3,SPX,68,-1.5551656484603882,1.8233180046081543
3,SPX,69,2.0100109577178955,3.8699746131896973
3,SPX,70,1.7575334310531616,5.695533752441406
3,SPX,71,1.7712913751602173,7.567715644836426
3,SPX,72,0.03578104078769684,7.606208324432373
3,SPX,73,-3.635545015335083,3.694140911102295
3,SPX,74,-1.5542060136795044,2.082526683807373
3,SPX,75,0.20419713854789734,2.290976047515869
3,SPX,76,1.9921317100524902,4.328739643096924
3,SPX,77,-4.494492053985596,-0.36031007766723633
3,SPX,78,5.135434627532959,4.756617546081543
3,SPX,79,-5.178380012512207,-0.6680786609649658
3,SPX,80,-2.1415977478027344,-2.7953684329986572
3,SPX,81,2.4350500106811523,-0.42838454246520996
3,SPX,82,4.712953090667725,4.264378547668457
3,SPX,83,-3.954362154006958,0.14138221740722656
3,SPX,84,5.126809597015381,5.275440216064453
3,SPX,85,-1.393115520477295,3.8088321685791016
3,SPX,86,-2.0668654441833496,1.6632437705993652
3,SPX,87,0.22227512300014496,1.8892168998718262
3,SPX,88,4.957182884216309,6.940054893493652
3,SPX,89,0.6097119450569153,7.5920820236206055
3,SPX,90,1.9767529964447021,9.71890640258789
3,SPX,91,4.727925777435303,14.90633487701416
3,SPX,92,4.545650959014893,20.129573822021484
3,SPX,93,-1.3322219848632812,18.529176712036133
3,SPX,94,-3.1844451427459717,14.754676818847656
3,SPX,95,4.971780776977539,20.46002197265625
3,SPX,96,1.869654655456543,22.712207794189453
3,SPX,97,0.09614183008670807,22.830188751220703
3,SPX,98,2.090433120727539,25.397872924804688
3,SPX,99,1.890252947807312,27.768207550048828
3,SPX,100,-1.2894287109375,26.12073516845703
3,SPX,101,-3.9219796657562256,21.174299240112305
3,SPX,102,5.1227216720581055,27.381717681884766
3,SPX,103,4.4259724617004395,33.01959228515625
3,SPX,104,-3.600135326385498,28.230714797973633
3,SPX,105,-0.18940530717372894,27.987838745117188
3,SPX,106,0.31216394901275635,28.387367248535156
3,SPX,107,0.2611437737941742,28.722644805908203
3,SPX,108,-4.3984785079956055,23.060810089111328
3,SPX,109,5.147798538208008,29.395734786987305
3,SPX,110,4.397685527801514,35.08615493774414
3,SPX,111,4.688699722290039,41.41994857788086
3,SPX,112,-1.6912176609039307,39.028228759765625
3,SPX,113,-2.1028831005096436,36.10462951660156
3,SPX,114,4.95889949798584,42.85392761230469
3,SPX,115,0.9435547590255737,44.20182800292969
3,SPX,116,2.0394020080566406,47.14267349243164
3,SPX,117,4.734061241149902,54.10850143432617
3,SPX,118,-1.249058485031128,52.18359375
3,SPX,119,5.022568702697754,59.827125549316406
3,SPX,120,4.470245361328125,66.9717788696289
3,SPX,121,4.856476783752441,75.08072662353516
3,SPX,122,4.855423927307129,83.58162689208984
3,SPX,123,-1.5060021877288818,80.81688690185547
3,SPX,124,4.939332962036133,89.74803924560547
3,SPX,125,4.641692638397217,98.55554962158203
3,SPX,126,0.9542968273162842,100.45034790039062
3,SPX,127,-2.8215601444244385,94.79452514648438
3,SPX,128,0.6564103960990906,96.07318878173828
3,SPX,129,0.5879466533660889,97.22599792480469
3,SPX,130,0.29608020186424255,97.80994415283203
3,SPX,131,1.9959912300109863,101.75821685791016
3,SPX,132,-1.16011643409729,99.41758728027344
3,SPX,133,2.1000490188598633,103.60546112060547
3,SPX,134,0.18465611338615417,103.9814224243164
3,SPX,135,-3.7974133491516113,96.23540496826172
3,SPX,136,0.2512562870979309,96.72846984863281
3,SPX,137,2.0769906044006348,100.81450653076172
3,SPX,138,1.79677152633667,104.42269134521484
3,SPX,139,-0.06796210259199142,104.28376007080078
3,SPX,140,1.9663758277893066,108.3007583618164
3,SPX,141,0.1057240217924118,108.52098083496094
3,SPX,142,-0.05676015466451645,108.40263366699219
3,SPX,143,0.023935548961162567,108.4525146484375
3,SPX,144,2.0027384757995605,112.62726593017578
3,SPX,145,4.746397018432617,122.71940612792969
3,SPX,146,-0.9543865919113159,120.59378814697266
3,SPX,147,4.965132713317871,131.54656982421875
3,SPX,148,-4.199664115905762,121.82238006591797
3,SPX,149,-2.037060260772705,117.30372619628906
3,SPX,150,-5.68780517578125,104.94391632080078
3,SPX,151,2.652256727218628,110.37955474853516
3,SPX,152,1.947812795639038,114.47734832763672
3,SPX,153,-4.220844268798828,105.42459106445312
3,SPX,154,-1.8613547086715698,101.60090637207031
3,SPX,155,-5.874969959259033,89.75691986083984
3,SPX,156,-7.398830413818359,75.71712493896484
3,SPX,157,-9.874938011169434,58.36516571044922
3,SPX,158,1.1004623174667358,60.10791015625
3,SPX,159,2.332179069519043,63.84190368652344
3,SPX,160,0.25102663040161133,64.2531967163086
3,SPX,161,-0.093785859644413,64.0991439819336
3,SPX,162,4.61395263671875,71.67059326171875
3,SPX,163,1.5645060539245605,74.35637664794922
4,SPX,1,4.957394599914551,4.957389831542969
4,SPX,2,-0.9744167327880859,3.9346694946289062
4,SPX,3,4.799455642700195,8.922969818115234
4,SPX,4,0.9126842021942139,9.917104721069336
4,SPX,5,4.6705427169799805,15.050840377807617
4,SPX,6,-1.2585818767547607,13.602828979492188
4,SPX,7,-1.8208637237548828,11.534273147583008
4,SPX,8,2.3585269451141357,14.164840698242188
4,SPX,9,1.9074674844741821,16.342496871948242
4,SPX,10,1.8748421669006348,18.52372932434082
4,SPX,11,-1.3167202472686768,16.96310043334961
4,SPX,12,0.08302377164363861,17.06020736694336
4,SPX,13,2.032817840576172,19.439828872680664
4,SPX,14,1.8288321495056152,21.624183654785156
4,SPX,15,-1.1996090412139893,20.16516876220703
4,SPX,16,2.117719888687134,22.709930419921875
4,SPX,17,-4.296921730041504,17.437183380126953
4,SPX,18,0.2523311376571655,17.7335147857666
4,SPX,19,2.0965921878814697,20.2019100189209
4,SPX,20,-1.1042759418487549,18.874549865722656
4,SPX,21,-4.194325923919678,13.888561248779297
4,SPX,22,2.533412456512451,16.773832321166992
4,SPX,23,0.1421627551317215,16.939830780029297
4,SPX,24,-0.19309581816196442,16.71402359008789
4,SPX,25,-1.3122663497924805,15.18242359161377
4,SPX,26,-0.036685310304164886,15.14016342163086
4,SPX,27,-4.835882186889648,9.572124481201172
4,SPX,28,-1.3257324695587158,8.119487762451172
4,SPX,29,-6.2117414474487305,1.4033913612365723
4,SPX,30,-7.55778694152832,-6.26046085357666
4,SPX,31,0.8183629512786865,-5.493330955505371
4,SPX,32,-7.390828609466553,-12.478155136108398
4,SPX,33,3.408008337020874,-9.495407104492188
4,SPX,34,4.226097106933594,-5.670595169067383
4,SPX,35,-3.965230941772461,-9.410971641540527
4,SPX,36,-2.3941755294799805,-11.579829216003418
4,SPX,37,-5.658714294433594,-16.583274841308594
4,SPX,38,4.6307477951049805,-12.720459938049316
4,SPX,39,0.45060235261917114,-12.327176094055176
4,SPX,40,-0.2427709698677063,-12.540018081665039
4,SPX,41,1.913358211517334,-10.866594314575195
4,SPX,42,4.692835807800293,-6.683707237243652
4,SPX,43,-1.2925654649734497,-7.889878749847412
4,SPX,44,4.969150066375732,-3.312784433364868
4,SPX,45,-4.167196273803711,-7.341933250427246
4,SPX,46,5.04486083984375,-2.667456865310669
4,SPX,47,-1.3543949127197266,-3.985726833343506
4,SPX,48,5.087435722351074,0.8989334106445312
4,SPX,49,1.8228732347488403,2.73820161819458
4,SPX,50,-2.9885306358337402,-0.33215880393981934
4,SPX,51,5.068910598754883,4.719913005828857
4,SPX,52,4.528454303741455,9.462106704711914
4,SPX,53,2.0610198974609375,11.718141555786133
4,SPX,54,-0.004061125218868256,11.713611602783203
4,SPX,55,2.195962429046631,14.166808128356934
4,SPX,56,-3.7389025688171387,9.898221969604492
4,SPX,57,-4.3745503425598145,5.090665817260742
4,SPX,58,0.6780436038970947,5.803215503692627
4,SPX,59,0.18543508648872375,5.999410152435303
4,SPX,60,5.067406177520752,11.370838165283203
4,SPX,61,1.5919972658157349,13.14384937286377
4,SPX,62,4.8769731521606445,18.66184425354004
4,SPX,63,0.4933674931526184,19.24729347229004
4,SPX,64,-0.227292999625206,18.976259231567383
4,SPX,65,4.903512954711914,24.810266494750977
4,SPX,66,4.487608909606934,30.411266326904297
4,SPX,67,4.7953996658325195,36.66499710083008
4,SPX,68,4.816715717315674,43.24776077270508
4,SPX,69,4.942525386810303,50.32781219482422
4,SPX,70,-3.5141215324401855,45.04511260986328
4,SPX,71,-1.9794211387634277,42.17405319213867
4,SPX,72,4.858464241027832,49.081539154052734
4,SPX,73,4.564980983734131,55.88707733154297
4,SPX,74,4.837839126586914,63.42864227294922
4,SPX,75,0.7622781991958618,64.67442321777344
4,SPX,76,-1.9487500190734863,61.465335845947266
4,SPX,77,0.4820406436920166,62.24365234375
4,SPX,78,2.1053779125213623,65.65950012207031
4,SPX,79,-4.147304534912109,58.78909683227539
4,SPX,80,5.140071868896484,66.95096588134766
4,SPX,81,4.451488494873047,74.38276672363281
4,SPX,82,-3.5154058933258057,68.25251770019531
4,SPX,83,-3.606712818145752,62.18413162231445
4,SPX,84,2.6979074478149414,66.55970764160156
4,SPX,85,1.9230232238769531,69.7626953125
4,SPX,86,1.8279705047607422,72.86590576171875
4,SPX,87,-0.002111634239554405,72.86225891113281
4,SPX,88,-0.04974766820669174,72.77626037597656
4,SPX,89,4.935238361358643,81.30317687988281
4,SPX,90,-4.270035743713379,73.56146240234375
4,SPX,91,5.135868072509766,82.47534942626953
4,SPX,92,-4.850406169891357,73.62456512451172
4,SPX,93,-2.191561460494995,69.81947326660156
4,SPX,94,-1.343552827835083,67.53785705566406
4,SPX,95,-1.153293251991272,65.60566711425781
4,SPX,96,-1.145455241203308,63.70872116088867
4,SPX,97,5.123803615570068,72.09683990478516
4,SPX,98,0.3979046940803528,72.78162384033203
4,SPX,99,-0.41150352358818054,72.07062530517578
4,SPX,100,2.015498161315918,75.5386962890625
4,SPX,101,0.021581584587693214,75.57656860351562
4,SPX,102,-1.3135433197021484,73.27029418945312
4,SPX,103,-1.2736082077026367,71.06350708007812
4,SPX,104,0.11850380897521973,71.26622009277344
4,SPX,105,1.9842479228973389,74.66456604003906
4,SPX,106,-4.4250407218933105,66.93558502197266
4,SPX,107,0.14761406183242798,67.18201446533203
4,SPX,108,2.0804152488708496,70.66010284423828
4,SPX,109,1.7896254062652588,73.71427917480469
4,SPX,110,-3.890150785446167,66.95653533935547
4,SPX,111,5.066190242767334,75.41487121582031
4,SPX,112,0.5493276119232178,76.37847900390625
4,SPX,113,-0.2645360231399536,75.9118881225586
4,SPX,114,-1.5324606895446777,73.21611785888672
4,SPX,115,5.157017230987549,82.14889526367188
4,SPX,116,-4.6144022941589355,73.74382019042969
4,SPX,117,2.6377105712890625,78.32667541503906
4,SPX,118,4.636363983154297,86.59454345703125
4,SPX,119,1.7931174039840698,89.94041442871094
4,SPX,120,-2.9693336486816406,84.30044555664062
4,SPX,121,5.056157112121582,93.61896514892578
4,SPX,122,-4.679163455963135,84.5592269897461
4,SPX,123,5.215441703796387,94.18480682373047
4,SPX,124,4.437257766723633,102.80127716064453
4,SPX,125,4.810614585876465,112.55726623535156
4,SPX,126,-1.7808973789215088,108.7718505859375
4,SPX,127,-2.1742806434631348,104.23255157470703
4,SPX,128,2.4245765209198,109.18431091308594
4,SPX,129,4.588881492614746,118.78352355957031
4,SPX,130,-3.932196617126465,110.1805191040039
4,SPX,131,5.077383518218994,120.85221099853516
4,SPX,132,1.849019169807434,124.93582153320312
4,SPX,133,0.05864417180418968,125.06771087646484
4,SPX,134,2.099630355834961,129.79330444335938
4,SPX,135,4.7057623863220215,140.60682678222656
4,SPX,136,-1.2224302291870117,137.66558837890625
4,SPX,137,2.293553113937378,143.1165771484375
4,SPX,138,0.4074992537498474,144.10726928710938
4,SPX,139,-1.3687357902526855,140.7660675048828
4,SPX,140,0.18310537934303284,141.20693969726562
4,SPX,141,0.20364505052566528,141.69815063476562
4,SPX,142,4.948338508605957,153.658203125
4,SPX,143,-4.317739486694336,142.70591735839844
4,SPX,144,-4.0323028564453125,132.91928100585938
4,SPX,145,-6.272881507873535,118.30854797363281
4,SPX,146,-8.206241607666016,100.39360809326172
4,SPX,147,0.9940072894096375,102.3855209350586
4,SPX,148,4.36665153503418,111.22298431396484
4,SPX,149,-1.542198657989502,107.96549224853516
4,SPX,150,4.852845191955566,118.05772399902344
4,SPX,151,0.49028685688972473,119.12682342529297
4,SPX,152,-2.034400463104248,114.66889190673828
4,SPX,153,2.16151762008667,119.30899810791016
4,SPX,154,1.8196526765823364,123.29966735839844
4,SPX,155,4.740443229675293,133.8850555419922
4,SPX,156,0.45717543363571167,134.95433044433594
4,SPX,157,4.716708183288574,146.03643798828125
4,SPX,158,-1.1203408241271973,143.2799835205078
4,SPX,159,-1.7442375421524048,139.03660583496094
4,SPX,160,5.03403902053833,151.06980895996094
4,SPX,161,-1.0301754474639893,148.4833526611328
4,SPX,162,2.235980749130249,154.03941345214844
4,SPX,163,-4.026084899902344,143.81155395507812
0,CMC200,1,-3.457244873046875,-3.457242250442505
0,CMC200,2,2.813887596130371,-0.7406353950500488
0,CMC200,3,11.716401100158691,10.888994216918945
0,CMC200,4,-8.440913200378418,1.5289545059204102
0,CMC200,5,2.5039753913879395,4.071223735809326
0,CMC200,6,-9.112872123718262,-5.412650108337402
0,CMC200,7,-8.497611045837402,-13.450312614440918
0,CMC200,8,2.062837600708008,-11.664938926696777
0,CMC200,9,3.0102379322052,-9.005844116210938
0,CMC200,10,-3.0708837509155273,-11.800169944763184
0,CMC200,11,-0.3439936637878418,-12.103575706481934
0,CMC200,12,-0.6360139846801758,-12.662607192993164
0,CMC200,13,-3.191249370574951,-15.449762344360352
0,CMC200,14,-3.3726141452789307,-18.301313400268555
0,CMC200,15,-0.4266493022441864,-18.64988136291504
0,CMC200,16,3.465498685836792,-15.830696105957031
0,CMC200,17,-9.715221405029297,-24.0079345703125
0,CMC200,18,-4.0281195640563965,-27.068984985351562
0,CMC200,19,-3.7177839279174805,-29.780405044555664
0,CMC200,20,-9.453754425048828,-36.41879653930664
0,CMC200,21,2.158595085144043,-35.04633331298828
0,CMC200,22,-9.287110328674316,-41.078651428222656
0,CMC200,23,2.3119142055511475,-39.7164421081543
0,CMC200,24,-3.3148653507232666,-41.71475601196289
0,CMC200,25,8.856109619140625,-36.552955627441406
0,CMC200,26,-1.8823899030685425,-37.747276306152344
0,CMC200,27,11.580178260803223,-30.53829574584961
0,CMC200,28,4.02205228805542,-27.74451446533203
0,CMC200,29,3.4112672805786133,-25.279682159423828
0,CMC200,30,3.6732966899871826,-22.534990310668945
0,CMC200,31,3.7200403213500977,-19.653255462646484
0,CMC200,32,3.7376418113708496,-16.650182723999023
0,CMC200,33,-2.300398588180542,-18.567562103271484
0,CMC200,34,3.2669684886932373,-15.90719223022461
0,CMC200,35,12.058143615722656,-5.767166614532471
0,CMC200,36,-8.585598945617676,-13.857614517211914
0,CMC200,37,11.010505676269531,-4.372906684875488
0,CMC200,38,-0.9636958837509155,-5.294460296630859
0,CMC200,39,-2.513481855392456,-7.674866676330566
0,CMC200,40,-9.16446304321289,-16.13597297668457
0,CMC200,41,9.52694320678711,-8.146291732788086
0,CMC200,42,-1.2166244983673096,-9.26380729675293
0,CMC200,43,-2.6386876106262207,-11.658048629760742
0,CMC200,44,9.84024715423584,-2.964979410171509
0,CMC200,45,4.262855052947998,1.1714816093444824
0,CMC200,46,-9.429332733154297,-8.368319511413574
0,CMC200,47,11.123008728027344,1.823890209197998
0,CMC200,48,12.549077987670898,14.601850509643555
0,CMC200,49,13.745305061340332,30.354225158691406
0,CMC200,50,-2.5116260051727295,27.08021354675293
0,CMC200,51,-3.1673896312713623,23.05508804321289
0,CMC200,52,0.7749127149581909,24.008655548095703
0,CMC200,53,-0.19457730650901794,23.767364501953125
0,CMC200,54,10.842855453491211,37.18729019165039
0,CMC200,55,-1.5308011770248413,35.08722686767578
0,CMC200,56,-9.863085746765137,21.763456344604492
0,CMC200,57,-9.840510368347168,9.781312942504883
0,CMC200,58,-9.246073722839355,-0.36914944648742676
0,CMC200,59,-7.6071248054504395,-7.948195934295654
0,CMC200,60,-6.440882205963135,-13.877147674560547
0,CMC200,61,-9.141035079956055,-21.749670028686523
0,CMC200,62,-3.0781607627868652,-24.158340454101562
0,CMC200,63,8.541753768920898,-17.680131912231445
0,CMC200,64,3.3125274181365967,-14.953261375427246
0,CMC200,65,-3.738239288330078,-18.13250732421875
0,CMC200,66,1.2615108489990234,-17.09974479675293
0,CMC200,67,0.5315532684326172,-16.659086227416992
0,CMC200,68,3.0980606079101562,-14.077138900756836
0,CMC200,69,-9.36530876159668,-22.124082565307617
0,CMC200,70,-4.2524261474609375,-25.435697555541992
0,CMC200,71,0.2785777747631073,-25.227975845336914
0,CMC200,72,-3.4951064586639404,-27.841341018676758
0,CMC200,73,-9.560439109802246,-34.74003219604492
0,CMC200,74,-4.475168704986572,-37.660526275634766
0,CMC200,75,0.021954253315925598,-37.64683532714844
0,CMC200,76,-9.499618530273438,-43.57014846801758
0,CMC200,77,2.152998447418213,-42.35520935058594
0,CMC200,78,-0.9810380935668945,-42.92072677612305
0,CMC200,79,-9.861889839172363,-48.54981994628906
0,CMC200,80,0.7509613633155823,-48.163448333740234
0,CMC200,81,-3.6104068756103516,-50.03496551513672
0,CMC200,82,8.636861801147461,-45.71955108642578
0,CMC200,83,-9.352445602416992,-50.796104431152344
0,CMC200,84,2.6083498001098633,-49.512691497802734
0,CMC200,85,3.966418743133545,-47.510154724121094
0,CMC200,86,10.883461952209473,-41.79743957519531
0,CMC200,87,3.974213123321533,-39.484344482421875
0,CMC200,88,12.988835334777832,-31.624073028564453
0,CMC200,89,-2.4852635860443115,-33.323394775390625
0,CMC200,90,-2.9824132919311523,-35.31196594238281
0,CMC200,91,-8.457788467407227,-40.78314971923828
0,CMC200,92,2.0432043075561523,-39.57322692871094
0,CMC200,93,0.13282430171966553,-39.49296569824219
0,CMC200,94,9.431234359741211,-33.78640365600586
0,CMC200,95,4.189084529876709,-31.01266098022461
0,CMC200,96,12.070215225219727,-22.685741424560547
0,CMC200,97,-2.5554332733154297,-24.661457061767578
0,CMC200,98,-8.939270973205566,-31.396175384521484
0,CMC200,99,-8.724376678466797,-37.38143539428711
0,CMC200,100,2.315743923187256,-35.93135070800781
0,CMC200,101,9.422757148742676,-29.894315719604492
0,CMC200,102,4.141321182250977,-26.991016387939453
0,CMC200,103,-9.629075050354004,-34.02111053466797
0,CMC200,104,-9.524697303771973,-40.30540084838867
0,CMC200,105,9.450188636779785,-34.664146423339844
0,CMC200,106,11.130855560302734,-27.391708374023438
0,CMC200,107,-2.616884231567383,-29.291778564453125
0,CMC200,108,10.956518173217773,-21.54462432861328
0,CMC200,109,-8.323759078979492,-28.075057983398438
0,CMC200,110,0.9849975109100342,-27.366596221923828
0,CMC200,111,9.711859703063965,-20.312541961669922
0,CMC200,112,-1.2210065126419067,-21.285533905029297
0,CMC200,113,-9.79914379119873,-28.998882293701172
0,CMC200,114,-0.4656752645969391,-29.329513549804688
0,CMC200,115,-1.1382884979248047,-30.13395118713379
0,CMC200,116,9.902281761169434,-23.21561622619629
0,CMC200,117,-9.276473999023438,-30.3384952545166
0,CMC200,118,0.40045884251594543,-30.059528350830078
0,CMC200,119,9.177230834960938,-23.64093017578125
0,CMC200,120,4.220221042633057,-20.418405532836914
0,CMC200,121,-1.5185928344726562,-21.62692642211914
0,CMC200,122,-2.7660892009735107,-23.7947940826416
0,CMC200,123,-9.203497886657715,-30.80834197998047
0,CMC200,124,1.3272652626037598,-29.889982223510742
0,CMC200,125,-8.897531509399414,-36.12804412841797
0,CMC200,126,2.841050624847412,-34.31340408325195
0,CMC200,127,-8.784106254577637,-40.0833854675293
0,CMC200,128,-5.133147716522217,-43.15898895263672
0,CMC200,129,-4.060304164886475,-45.4669075012207
0,CMC200,130,-9.285710334777832,-50.530696868896484
0,CMC200,131,7.662675380706787,-46.740020751953125
0,CMC200,132,-3.239104986190796,-48.46516799926758
0,CMC200,133,-9.615876197814941,-53.420692443847656
0,CMC200,134,8.893194198608398,-49.27830505371094
0,CMC200,135,-9.07229232788086,-53.87992858886719
0,CMC200,136,-8.31429672241211,-57.71448516845703
0,CMC200,137,-7.334661483764648,-60.815982818603516
0,CMC200,138,-4.600050449371338,-62.61846923828125
0,CMC200,139,6.699608325958252,-60.114051818847656
0,CMC200,140,-9.147082328796387,-63.762451171875
0,CMC200,141,-4.4857306480407715,-65.38796997070312
0,CMC200,142,7.781915187835693,-62.694488525390625
0,CMC200,143,10.624553680419922,-58.73094940185547
0,CMC200,144,-9.073803901672363,-62.47562026977539
0,CMC200,145,-3.6391079425811768,-63.8411750793457
0,CMC200,146,9.087108612060547,-60.55538558959961
0,CMC200,147,-8.728355407714844,-63.99824523925781
0,CMC200,148,1.3619194030761719,-63.507938385009766
0,CMC200,149,-3.7318115234375,-64.8697509765625
0,CMC200,150,8.907866477966309,-61.74039077758789
0,CMC200,151,4.268753528594971,-60.10718536376953
0,CMC200,152,-9.501054763793945,-63.89741897583008
0,CMC200,153,-3.447035312652588,-65.14189147949219
0,CMC200,154,9.08922004699707,-61.97356033325195
0,CMC200,155,-2.7482798099517822,-63.01863098144531
0,CMC200,156,3.1895458698272705,-61.83910369873047
0,CMC200,157,-9.651820182800293,-65.52232360839844
0,CMC200,158,0.36270079016685486,-65.39727020263672
0,CMC200,159,-3.3011417388916016,-66.53955841064453
0,CMC200,160,-3.325322151184082,-67.6522216796875
0,CMC200,161,8.8563871383667,-64.7873764038086
0,CMC200,162,4.420694828033447,-63.23072814941406
0,CMC200,163,3.4860286712646484,-61.948944091796875
1,CMC200,1,-0.1272786408662796,-0.12727975845336914
1,CMC200,2,-3.2223126888275146,-3.345489501953125
1,CMC200,3,-3.3274943828582764,-6.5616607666015625
1,CMC200,4,-0.06598159670829773,-6.623315811157227
1,CMC200,5,10.002933502197266,2.7170896530151367
1,CMC200,6,-8.9901762008667,-6.517356872558594
1,CMC200,7,-8.682099342346191,-14.633607864379883
1,CMC200,8,1.4078097343444824,-13.431805610656738
1,CMC200,9,8.254583358764648,-6.285959243774414
1,CMC200,10,-1.6173871755599976,-7.8016815185546875
1,CMC200,11,-10.163201332092285,-17.171977996826172
1,CMC200,12,10.657526969909668,-8.344560623168945
1,CMC200,13,12.098566055297852,2.744424343109131
1,CMC200,14,13.396817207336426,16.508901596069336
1,CMC200,15,14.911575317382812,33.882225036621094
1,CMC200,16,-1.3244768381118774,32.108985900878906
1,CMC200,17,-0.8849961757659912,30.939828872680664
1,CMC200,18,13.115732192993164,48.1135368347168
1,CMC200,19,-2.465456962585449,44.461856842041016
1,CMC200,20,12.321932792663574,62.26235580444336
1,CMC200,21,-7.929314613342285,49.396060943603516
1,CMC200,22,-4.037538528442383,43.364131927490234
1,CMC200,23,-7.973559379577637,31.93291473388672
1,CMC200,24,-5.2373247146606445,25.023162841796875
1,CMC200,25,-8.16403579711914,14.816225051879883
1,CMC200,26,-5.759692192077637,8.203161239624023
1,CMC200,27,-8.242037773132324,-0.7149815559387207
1,CMC200,28,1.200608491897583,0.47703981399536133
1,CMC200,29,0.9347805976867676,1.4162778854370117
1,CMC200,30,2.959153175354004,4.4173479080200195
1,CMC200,31,9.328218460083008,14.157629013061523
1,CMC200,32,12.152881622314453,28.03107452392578
1,CMC200,33,-2.7617530822753906,24.49517250061035
1,CMC200,34,-0.0038521364331245422,24.490379333496094
1,CMC200,35,-0.05381479859352112,24.423385620117188
1,CMC200,36,10.749777793884277,37.79862976074219
1,CMC200,37,12.878995895385742,55.54570007324219
1,CMC200,38,-2.645500421524048,51.43073654174805
1,CMC200,39,-8.581523895263672,38.435672760009766
1,CMC200,40,2.7929868698120117,42.30216598510742
1,CMC200,41,11.233367919921875,58.28749084472656
1,CMC200,42,12.913010597229004,78.7271728515625
1,CMC200,43,-8.287961959838867,63.91433334350586
1,CMC200,44,11.835205078125,83.31392669677734
1,CMC200,45,-2.7428112030029297,78.28598022460938
1,CMC200,46,2.8022212982177734,83.28194427490234
1,CMC200,47,12.377437591552734,105.96756744384766
1,CMC200,48,-8.472318649291992,88.51734161376953
1,CMC200,49,-8.508394241333008,72.47754669189453
1,CMC200,50,-4.008327960968018,65.56407165527344
1,CMC200,51,-3.583895444869995,59.630428314208984
1,CMC200,52,-0.1703677773475647,59.35846710205078
1,CMC200,53,-9.630054473876953,44.01215362548828
1,CMC200,54,-8.247208595275879,32.13516616821289
1,CMC200,55,7.177523612976074,41.61919403076172
1,CMC200,56,8.49923324584961,53.655731201171875
1,CMC200,57,-1.3832529783248901,51.53028869628906
1,CMC200,58,-9.917430877685547,36.50237274169922
1,CMC200,59,-3.252068519592285,32.0632209777832
1,CMC200,60,-9.44676399230957,19.58751678466797
1,CMC200,61,2.1685519218444824,22.180831909179688
1,CMC200,62,8.683465003967285,32.79036331176758
1,CMC200,63,4.252090930938721,38.43672180175781
1,CMC200,64,-9.744699478149414,24.946487426757812
1,CMC200,65,-9.597736358642578,12.954449653625488
1,CMC200,66,-9.04723072052002,2.7351975440979004
1,CMC200,67,1.9511748552322388,4.739737510681152
1,CMC200,68,2.9730546474456787,7.853710651397705
1,CMC200,69,-0.9455345869064331,6.833922863006592
1,CMC200,70,-0.9197827577590942,5.851280689239502
1,CMC200,71,-9.772909164428711,-4.49346923828125
1,CMC200,72,-8.8429536819458,-12.939071655273438
1,CMC200,73,1.987669825553894,-11.208587646484375
1,CMC200,74,0.29073598980903625,-10.950433731079102
1,CMC200,75,-0.12298468500375748,-11.059951782226562
1,CMC200,76,-3.465470790863037,-14.142143249511719
1,CMC200,77,-3.5464510917663574,-17.187053680419922
1,CMC200,78,-9.434686660766602,-25.00019645690918
1,CMC200,79,2.3369572162628174,-23.247486114501953
1,CMC200,80,3.8962020874023438,-20.257055282592773
1,CMC200,81,-1.41499662399292,-21.385414123535156
1,CMC200,82,-3.0254383087158203,-23.76384735107422
1,CMC200,83,3.1707026958465576,-21.346622467041016
1,CMC200,84,-1.42770254611969,-22.469562530517578
1,CMC200,85,-9.962312698364258,-30.193387985229492
1,CMC200,86,0.21782350540161133,-30.041336059570312
1,CMC200,87,-3.3031980991363525,-32.352210998535156
1,CMC200,88,-3.2660770416259766,-34.561641693115234
1,CMC200,89,-0.6034917831420898,-34.95655822753906
1,CMC200,90,3.4656081199645996,-32.70241165161133
1,CMC200,91,10.068798065185547,-25.92635154724121
1,CMC200,92,-2.5962023735046387,-27.84945297241211
1,CMC200,93,-9.576272964477539,-34.7587890625
1,CMC200,94,-9.246091842651367,-40.791053771972656
1,CMC200,95,1.4144221544265747,-39.953590393066406
1,CMC200,96,-0.2978689968585968,-40.132450103759766
1,CMC200,97,-9.418457984924316,-45.77104949951172
1,CMC200,98,2.325007915496826,-44.510223388671875
1,CMC200,99,-9.333099365234375,-49.68913650512695
1,CMC200,100,-4.68691873550415,-52.04716873168945
1,CMC200,101,7.652732849121094,-48.37746047973633
1,CMC200,102,-2.863435745239258,-49.85563659667969
1,CMC200,103,-3.185520648956299,-51.45299530029297
1,CMC200,104,2.94064998626709,-50.02539825439453
1,CMC200,105,3.8306615352630615,-48.11103820800781
1,CMC200,106,3.6833391189575195,-46.199790954589844
1,CMC200,107,-9.611326217651367,-51.370704650878906
1,CMC200,108,-9.160426139831543,-55.82535171508789
1,CMC200,109,8.850330352783203,-51.91575241088867
1,CMC200,110,-1.362166166305542,-52.570735931396484
1,CMC200,111,10.804240226745605,-47.44636917114258
1,CMC200,112,-1.9467108249664307,-48.46943664550781
1,CMC200,113,-10.058319091796875,-53.652549743652344
1,CMC200,114,3.5117835998535156,-52.024925231933594
1,CMC200,115,11.246638298034668,-46.62934112548828
1,CMC200,116,4.021503448486328,-44.483036041259766
1,CMC200,117,-1.8765753507614136,-45.52485275268555
1,CMC200,118,-2.5815162658691406,-46.9311408996582
1,CMC200,119,-3.0795414447784424,-48.5654182434082
1,CMC200,120,3.167703628540039,-46.93612289428711
1,CMC200,121,3.887678384780884,-44.873172760009766
1,CMC200,122,-9.626592636108398,-50.18000793457031
1,CMC200,123,10.100802421569824,-45.14778137207031
1,CMC200,124,-2.857088565826416,-46.714962005615234
1,CMC200,125,-3.089354991912842,-48.36112976074219
1,CMC200,126,9.523395538330078,-43.443359375
1,CMC200,127,-2.700012445449829,-44.970394134521484
1,CMC200,128,-3.0616707801818848,-46.65522003173828
1,CMC200,129,-3.5220630168914795,-48.534053802490234
1,CMC200,130,-3.5313985347747803,-50.351524353027344
1,CMC200,131,-0.214115709066391,-50.45782470703125
1,CMC200,132,9.128791809082031,-45.935218811035156
1,CMC200,133,-2.6594557762145996,-47.373050689697266
1,CMC200,134,3.2452597618103027,-45.66516876220703
1,CMC200,135,-2.674928903579712,-47.118587493896484
1,CMC200,136,-0.7554426789283752,-47.51807403564453
1,CMC200,137,10.194454193115234,-42.167823791503906
1,CMC200,138,4.184731960296631,-39.747703552246094
1,CMC200,139,3.450749158859253,-37.66854476928711
1,CMC200,140,3.6676008701324463,-35.38247299194336
1,CMC200,141,3.7077372074127197,-32.98662185668945
1,CMC200,142,-2.3730010986328125,-34.57685089111328
1,CMC200,143,3.2420971393585205,-32.45576477050781
1,CMC200,144,3.9019863605499268,-29.82020378112793
1,CMC200,145,-1.6418358087539673,-30.97243881225586
1,CMC200,146,-2.564640998840332,-32.74274444580078
1,CMC200,147,3.3088631629943848,-30.517292022705078
1,CMC200,148,-2.666271924972534,-32.36988830566406
1,CMC200,149,-9.695813179016113,-38.927181243896484
1,CMC200,150,-3.7887282371520996,-41.24106216430664
1,CMC200,151,3.133524179458618,-39.399837493896484
1,CMC200,152,-9.701021194458008,-45.2786750793457
1,CMC200,153,2.4955077171325684,-43.91310119628906
1,CMC200,154,3.9342620372772217,-41.70649719238281
1,CMC200,155,-2.8502213954925537,-43.36799240112305
1,CMC200,156,9.694465637207031,-37.87782287597656
1,CMC200,157,-1.7400214672088623,-38.95875930786133
1,CMC200,158,-2.513402223587036,-40.49296951293945
1,CMC200,159,-3.182220458984375,-42.38661575317383
1,CMC200,160,-0.1585921347141266,-42.47798156738281
1,CMC200,161,-0.7255047559738159,-42.89530944824219
1,CMC200,162,-9.646427154541016,-48.40386962890625
1,CMC200,163,9.030591011047363,-43.74443435668945
2,CMC200,1,-7.877382755279541,-7.87738561630249
2,CMC200,2,-6.774506092071533,-14.118242263793945
2,CMC200,3,1.278620958328247,-13.020145416259766
2,CMC200,4,-3.8976240158081055,-16.410297393798828
2,CMC200,5,9.076154708862305,-8.823567390441895
2,CMC200,6,-9.056530952453613,-17.080991744995117
2,CMC200,7,-4.192107200622559,-20.557044982910156
2,CMC200,8,2.729794502258301,-18.38841438293457
2,CMC200,9,-3.0478098392486572,-20.875782012939453
2,CMC200,10,-9.676316261291504,-28.532087326049805
2,CMC200,11,-4.077019691467285,-31.44584846496582
2,CMC200,12,-9.172900199890137,-37.7342529296875
2,CMC200,13,7.541393280029297,-33.038543701171875
2,CMC200,14,-3.2523560523986816,-35.216373443603516
2,CMC200,15,-0.47555118799209595,-35.524452209472656
2,CMC200,16,9.090482711791992,-29.663312911987305
2,CMC200,17,-1.7583612203598022,-30.90008544921875
2,CMC200,18,-2.5858407020568848,-32.6869010925293
2,CMC200,19,-3.2832584381103516,-34.89696502685547
2,CMC200,20,-3.5066936016082764,-37.179927825927734
2,CMC200,21,3.164092540740967,-35.19224548339844
2,CMC200,22,-9.615118980407715,-41.423587799072266
2,CMC200,23,-8.619256019592285,-46.472434997558594
2,CMC200,24,7.790688991546631,-42.302276611328125
2,CMC200,25,4.1626667976379395,-39.9005126953125
2,CMC200,26,-9.427164077758789,-45.56618881225586
2,CMC200,27,2.805091142654419,-44.03927230834961
2,CMC200,28,-1.344589114189148,-44.791717529296875
2,CMC200,29,10.381034851074219,-39.06052780151367
2,CMC200,30,-9.205465316772461,-44.6702880859375
2,CMC200,31,-9.049870491027832,-49.677555084228516
2,CMC200,32,-3.9409544467926025,-51.66073989868164
2,CMC200,33,8.209745407104492,-47.69221115112305
2,CMC200,34,-9.228436470031738,-52.519405364990234
2,CMC200,35,2.446284770965576,-51.357887268066406
2,CMC200,36,9.994729995727539,-46.49624252319336
2,CMC200,37,-1.8444398641586304,-47.48308563232422
2,CMC200,38,-1.5983730554580688,-48.3224983215332
2,CMC200,39,11.087374687194824,-42.59282302856445
2,CMC200,40,-8.865255355834961,-47.6821174621582
2,CMC200,41,2.574313163757324,-46.33529281616211
2,CMC200,42,-9.294946670532227,-51.323394775390625
2,CMC200,43,2.6125926971435547,-50.05167770385742
2,CMC200,44,-1.3291611671447754,-50.7155647277832
2,CMC200,45,10.295554161071777,-45.64146423339844
2,CMC200,46,-9.233152389526367,-50.66046905517578
2,CMC200,47,0.2897942364215851,-50.517486572265625
2,CMC200,48,-0.31431299448013306,-50.67301559448242
2,CMC200,49,-0.6632475256919861,-51.00017166137695
2,CMC200,50,9.837440490722656,-46.17984390258789
2,CMC200,51,4.235448837280273,-43.90031814575195
2,CMC200,52,-2.6277670860290527,-45.374481201171875
2,CMC200,53,-9.112138748168945,-50.35203552246094
2,CMC200,54,2.7350761890411377,-48.99412536621094
2,CMC200,55,-9.372824668884277,-53.77481460571289
2,CMC200,56,2.423337697982788,-52.654624938964844
2,CMC200,57,-3.0286033153533936,-54.08852767944336
2,CMC200,58,9.310543060302734,-49.81391906738281
2,CMC200,59,4.370261192321777,-47.62065887451172
2,CMC200,60,-2.6713242530822754,-49.0198860168457
2,CMC200,61,-3.3307180404663086,-50.717891693115234
2,CMC200,62,-8.82746410369873,-55.06825256347656
2,CMC200,63,8.66284465789795,-51.175880432128906
2,CMC200,64,-3.096184492111206,-52.68757247924805
2,CMC200,65,-0.4229755997657776,-52.887691497802734
2,CMC200,66,-3.251373767852783,-54.41949462890625
2,CMC200,67,-9.275381088256836,-58.64725875854492
2,CMC200,68,-8.046700477600098,-61.974788665771484
2,CMC200,69,4.059945583343506,-60.43098449707031
2,CMC200,70,-8.18373966217041,-63.669212341308594
2,CMC200,71,-6.05479621887207,-65.86896514892578
2,CMC200,72,6.638675689697266,-63.60311508178711
2,CMC200,73,-4.083334922790527,-65.08932495117188
2,CMC200,74,-8.559721946716309,-68.07758331298828
2,CMC200,75,2.1607794761657715,-67.38780975341797
2,CMC200,76,7.5019636154174805,-64.94125366210938
2,CMC200,77,-1.2696465253829956,-65.3863754272461
2,CMC200,78,-10.041354179382324,-68.862060546875
2,CMC200,79,10.43993854522705,-65.61127471923828
2,CMC200,80,4.286555290222168,-64.1371841430664
2,CMC200,81,11.762598991394043,-59.918785095214844
2,CMC200,82,-2.509636402130127,-60.92467498779297
2,CMC200,83,-0.5791168808937073,-61.15096664428711
2,CMC200,84,-0.49615633487701416,-61.343719482421875
2,CMC200,85,10.918179512023926,-57.12316131591797
2,CMC200,86,-2.5775415897369385,-58.22832489013672
2,CMC200,87,11.463298797607422,-53.43991470336914
2,CMC200,88,13.596060752868652,-47.109580993652344
2,CMC200,89,3.1926755905151367,-45.420963287353516
2,CMC200,90,14.59827995300293,-37.453365325927734
2,CMC200,91,15.216917037963867,-27.93568992614746
2,CMC200,92,-2.4734582901000977,-29.71816635131836
2,CMC200,93,0.3178248107433319,-29.494792938232422
2,CMC200,94,-2.8867733478546143,-31.53011703491211
2,CMC200,95,3.0217671394348145,-29.46112060546875
2,CMC200,96,-2.6081583499908447,-31.300884246826172
2,CMC200,97,3.2731149196624756,-29.05228042602539
2,CMC200,98,11.318365097045898,-21.022165298461914
2,CMC200,99,3.9295599460601807,-17.91868782043457
2,CMC200,100,3.408572196960449,-15.120887756347656
2,CMC200,101,-2.3657233715057373,-17.128896713256836
2,CMC200,102,3.158193349838257,-14.511669158935547
2,CMC200,103,-1.4428311586380005,-15.745121002197266
2,CMC200,104,-2.5075888633728027,-17.857891082763672
2,CMC200,105,10.384075164794922,-9.328198432922363
2,CMC200,106,4.235116481781006,-5.488145351409912
2,CMC200,107,-9.395567893981934,-14.368075370788574
2,CMC200,108,-9.249984741210938,-22.289012908935547
2,CMC200,109,2.77874755859375,-20.129621505737305
2,CMC200,110,-9.522875785827637,-27.735578536987305
2,CMC200,111,-4.287841796875,-30.83416175842285
2,CMC200,112,-8.743843078613281,-36.88191604614258
2,CMC200,113,3.5383291244506836,-34.648590087890625
2,CMC200,114,-0.20876117050647736,-34.78501892089844
2,CMC200,115,-9.349936485290527,-40.8825798034668
2,CMC200,116,8.483438491821289,-35.867393493652344
2,CMC200,117,10.3839111328125,-29.207914352416992
2,CMC200,118,-8.975868225097656,-35.5621223449707
2,CMC200,119,10.727815628051758,-28.64934730529785
2,CMC200,120,4.036785125732422,-25.769079208374023
2,CMC200,121,-9.27427864074707,-32.65346145629883
2,CMC200,122,-0.004949420690536499,-32.656795501708984
2,CMC200,123,-0.686597466468811,-33.119171142578125
2,CMC200,124,-0.9956007599830627,-33.785037994384766
2,CMC200,125,10.099241256713867,-27.097827911376953
2,CMC200,126,-1.9564177989959717,-28.52409553527832
2,CMC200,127,12.301619529724121,-19.731395721435547
2,CMC200,128,-2.527693271636963,-21.760345458984375
2,CMC200,129,3.013012647628784,-19.40297508239746
2,CMC200,130,12.6055326461792,-9.2432861328125
2,CMC200,131,-2.4996306896209717,-11.511868476867676
2,CMC200,132,12.018911361694336,-0.8765637874603271
2,CMC200,133,13.98004150390625,12.980937957763672
2,CMC200,134,14.646795272827148,29.529022216796875
2,CMC200,135,-1.0240432024002075,28.202592849731445
2,CMC200,136,3.0150861740112305,32.068016052246094
2,CMC200,137,-1.3881573677062988,30.23470687866211
2,CMC200,138,3.760056257247925,35.13159942626953
2,CMC200,139,-1.8215641975402832,32.67009353637695
2,CMC200,140,12.489599227905273,49.24006652832031
2,CMC200,141,3.9561710357666016,55.144264221191406
2,CMC200,142,-2.3325772285461426,51.5254020690918
2,CMC200,143,-9.067036628723145,37.78654479980469
2,CMC200,144,-8.473649978637695,26.110994338989258
2,CMC200,145,-7.0661725997924805,17.199779510498047
2,CMC200,146,0.5757991075515747,17.874622344970703
2,CMC200,147,-7.30509614944458,9.263765335083008
2,CMC200,148,6.872208595275879,16.77260398864746
2,CMC200,149,0.6486749053001404,17.53008270263672
2,CMC200,150,-8.79703426361084,7.190918922424316
2,CMC200,151,8.761985778808594,16.582977294921875
2,CMC200,152,-3.2022736072540283,12.849676132202148
2,CMC200,153,2.9700372219085693,16.201353073120117
2,CMC200,154,10.839816093444824,28.79737663269043
2,CMC200,155,-1.6723051071166992,26.643489837646484
2,CMC200,156,3.5075321197509766,31.08555030822754
2,CMC200,157,12.627996444702148,47.63902282714844
2,CMC200,158,-2.516791582107544,43.92325973510742
2,CMC200,159,-0.6145397424697876,43.03878402709961
2,CMC200,160,-0.5627160668373108,42.233882904052734
2,CMC200,161,11.034825325012207,57.92914581298828
2,CMC200,162,-2.5631444454193115,53.88119125366211
2,CMC200,163,-2.952320098876953,49.33812713623047
3,CMC200,1,-7.877382755279541,-7.87738561630249
3,CMC200,2,-6.774506092071533,-14.118242263793945
3,CMC200,3,1.278620958328247,-13.020145416259766
3,CMC200,4,8.100741386413574,-5.974137783050537
3,CMC200,5,11.168935775756836,4.527544975280762
3,CMC200,6,-8.61758041381836,-4.48020076751709
3,CMC200,7,-3.742922782897949,-8.05543041229248
3,CMC200,8,2.6968319416046143,-5.575835704803467
3,CMC200,9,10.44332218170166,4.285180568695068
3,CMC200,10,-2.643423080444336,1.528477668762207
3,CMC200,11,10.980783462524414,12.67709732055664
3,CMC200,12,3.993328332901001,17.176664352416992
3,CMC200,13,-1.4127436876296997,15.52126407623291
3,CMC200,14,12.27305793762207,29.69925308227539
3,CMC200,15,-2.5516417026519775,26.389801025390625
3,CMC200,16,11.960811614990234,41.50705337524414
3,CMC200,17,-8.144648551940918,29.98180389404297
3,CMC200,18,1.1404392719268799,31.46417236328125
3,CMC200,19,9.939831733703613,44.53150177001953
3,CMC200,20,-2.6502809524536133,40.70100784301758
3,CMC200,21,-3.1674916744232178,36.24430847167969
3,CMC200,22,-8.70974063873291,24.37778663635254
3,CMC200,23,-7.517184257507324,15.028083801269531
3,CMC200,24,-6.002397060394287,8.123636245727539
3,CMC200,25,-0.5924876928329468,7.483017444610596
3,CMC200,26,2.575777769088745,10.251545906066895
3,CMC200,27,-3.367849111557007,6.53843879699707
3,CMC200,28,3.0707919597625732,9.810018539428711
3,CMC200,29,-0.9890474081039429,8.72393798828125
3,CMC200,30,-0.9591212272644043,7.681143283843994
3,CMC200,31,3.454279899597168,11.400747299194336
3,CMC200,32,3.8019895553588867,15.636194229125977
3,CMC200,33,-2.7838029861450195,12.417101860046387
3,CMC200,34,10.441202163696289,24.15480613708496
3,CMC200,35,-1.6404937505722046,22.11805534362793
3,CMC200,36,3.6405959129333496,26.563871383666992
3,CMC200,37,-9.731637001037598,14.24713134765625
3,CMC200,38,-9.418119430541992,3.4872055053710938
3,CMC200,39,9.180240631103516,12.987577438354492
3,CMC200,40,-2.869792938232422,9.745073318481445
3,CMC200,41,10.087236404418945,20.815324783325195
3,CMC200,42,-1.8422998189926147,18.58954429626465
3,CMC200,43,-10.098838806152344,6.613373756408691
3,CMC200,44,-0.8422874212265015,5.715382099151611
3,CMC200,45,-1.3597865104675293,4.2778849601745605
3,CMC200,46,3.6338906288146973,8.06722640991211
3,CMC200,47,10.564045906066895,19.48349380493164
3,CMC200,48,-2.4853832721710205,16.513872146606445
3,CMC200,49,-9.591390609741211,5.338573455810547
3,CMC200,50,-0.10023992508649826,5.23298978805542
3,CMC200,51,-9.561493873596191,-4.828852653503418
3,CMC200,52,2.3897132873535156,-2.554529905319214
3,CMC200,53,-1.1966217756271362,-3.7205874919891357
3,CMC200,54,-2.9010794162750244,-6.513726711273193
3,CMC200,55,-0.5774194598197937,-7.053536415100098
3,CMC200,56,9.186769485473633,1.4852404594421387
3,CMC200,57,-9.21043586730957,-7.861995697021484
3,CMC200,58,9.968111991882324,1.3224244117736816
3,CMC200,59,4.16602087020874,5.543529987335205
3,CMC200,60,-9.324148178100586,-4.2975006103515625
3,CMC200,61,2.987701892852783,-1.4381885528564453
3,CMC200,62,11.216161727905273,9.616661071777344
3,CMC200,63,-8.972309112548828,-0.21848678588867188
3,CMC200,64,-8.922994613647461,-9.121984481811523
3,CMC200,65,-8.455284118652344,-16.80597686767578
3,CMC200,66,3.172426700592041,-14.166712760925293
3,CMC200,67,3.6045875549316406,-11.072772979736328
3,CMC200,68,-2.9749367237091064,-13.718300819396973
3,CMC200,69,3.0246479511260986,-11.108583450317383
3,CMC200,70,3.7995190620422363,-7.731133460998535
3,CMC200,71,3.6705925464630127,-4.3443145751953125
3,CMC200,72,-1.485061526298523,-5.764860153198242
3,CMC200,73,-9.78215503692627,-14.983087539672852
3,CMC200,74,-3.505153179168701,-17.963058471679688
3,CMC200,75,-0.21442902088165283,-18.13896942138672
3,CMC200,76,3.427910327911377,-15.332847595214844
3,CMC200,77,-9.738000869750977,-23.57773780822754
3,CMC200,78,9.230880737304688,-16.523296356201172
3,CMC200,79,-8.863653182983398,-23.922378540039062
3,CMC200,80,-4.519949436187744,-27.361047744750977
3,CMC200,81,2.6323344707489014,-25.44894790649414
3,CMC200,82,9.548614501953125,-18.330352783203125
3,CMC200,83,-9.210762023925781,-25.852752685546875
3,CMC200,84,10.280686378479004,-18.229907989501953
3,CMC200,85,-2.862051486968994,-20.570213317871094
3,CMC200,86,-3.2335309982299805,-23.138595581054688
3,CMC200,87,0.31743553280830383,-22.894615173339844
3,CMC200,88,9.450334548950195,-15.607892990112305
3,CMC200,89,-1.5581653118133545,-16.922861099243164
3,CMC200,90,3.6728811264038086,-13.871532440185547
3,CMC200,91,12.248323440551758,-3.322237730026245
3,CMC200,92,13.832990646362305,10.051178932189941
3,CMC200,93,-2.538303852081299,7.257747650146484
3,CMC200,94,-8.487849235534668,-1.8461287021636963
3,CMC200,95,11.215331077575684,9.162151336669922
3,CMC200,96,3.957885503768921,13.482666015625
3,CMC200,97,-1.1628532409667969,12.163030624389648
3,CMC200,98,3.4067583084106445,15.98416519165039
3,CMC200,99,3.8297224044799805,20.426034927368164
3,CMC200,100,-2.4615352153778076,17.46170425415039
3,CMC200,101,-9.385103225708008,6.437802314758301
3,CMC200,102,9.881355285644531,16.955291748046875
3,CMC200,103,11.465295791625977,30.364561080932617
3,CMC200,104,-8.637321472167969,19.10455322265625
3,CMC200,105,0.4680478870868683,19.66202163696289
3,CMC200,106,-0.07730256766080856,19.569528579711914
3,CMC200,107,-0.5520071983337402,18.909502029418945
3,CMC200,108,-9.547419548034668,7.556712627410889
3,CMC200,109,9.311117172241211,17.57143783569336
3,CMC200,110,11.07481575012207,30.592262268066406
3,CMC200,111,12.80994701385498,47.3210563659668
3,CMC200,112,-2.572993755340576,43.530487060546875
3,CMC200,113,-3.2846734523773193,38.815975189208984
3,CMC200,114,10.514206886291504,53.411376953125
3,CMC200,115,-0.8580459356307983,52.09504318237305
3,CMC200,116,3.568575859069824,57.52267837524414
3,CMC200,117,12.657150268554688,77.46056365966797
3,CMC200,118,-2.498016595840454,73.0275650024414
3,CMC200,119,12.041363716125488,93.8624496459961
3,CMC200,120,14.030316352844238,121.06196594238281
3,CMC200,121,14.669740676879883,153.49118041992188
3,CMC200,122,15.930859565734863,193.87449645996094
3,CMC200,123,-2.4933605194091797,186.5471649169922
3,CMC200,124,13.764863967895508,225.98995971679688
3,CMC200,125,15.122610092163086,275.2881164550781
3,CMC200,126,-0.3352973461151123,274.02978515625
3,CMC200,127,-8.337505340576172,242.84503173828125
3,CMC200,128,0.4286752939224243,244.3147430419922
3,CMC200,129,-0.6178920865058899,242.187255859375
3,CMC200,130,-1.1079368591308594,238.3960418701172
3,CMC200,131,3.6950721740722656,250.9000244140625
3,CMC200,132,-2.595465660095215,241.79254150390625
3,CMC200,133,3.28140926361084,253.0081787109375
3,CMC200,134,-1.5643715858459473,247.48580932617188
3,CMC200,135,-9.996941566467285,212.74786376953125
3,CMC200,136,0.044223852455616,212.88616943359375
3,CMC200,137,3.5007596015930176,223.83956909179688
3,CMC200,138,3.8246374130249023,236.2252655029297
3,CMC200,139,-1.6354821920394897,230.72637939453125
3,CMC200,140,3.553217649459839,242.4778289794922
3,CMC200,141,-1.682125449180603,236.7169189453125
3,CMC200,142,-1.4815975427627563,231.72811889648438
3,CMC200,143,-1.3803913593292236,227.14898681640625
3,CMC200,144,3.6851189136505127,239.20481872558594
3,CMC200,145,11.042832374572754,276.6626281738281
3,CMC200,146,-2.5118350982666016,267.2015075683594
3,CMC200,147,11.668588638305664,310.0487365722656
3,CMC200,148,-8.410115242004395,275.56317138671875
3,CMC200,149,-3.9015491008758545,260.910400390625
3,CMC200,150,-8.257572174072266,231.1079559326172
3,CMC200,151,3.149118185043335,241.53492736816406
3,CMC200,152,3.63344407081604,253.94439697265625
3,CMC200,153,-9.366701126098633,220.79148864746094
3,CMC200,154,-4.0729851722717285,207.72569274902344
3,CMC200,155,-8.860559463500977,180.45947265625
3,CMC200,156,-6.968756198883057,160.91494750976562
3,CMC200,157,-6.882078170776367,142.9585723876953
3,CMC200,158,1.2497220039367676,145.994873046875
3,CMC200,159,3.1608715057373047,153.77044677734375
3,CMC200,160,0.6908213496208191,155.52354431152344
3,CMC200,161,0.18179062008857727,155.98806762695312
3,CMC200,162,9.31972885131836,179.84547424316406
3,CMC200,163,4.072578430175781,191.24240112304688
4,CMC200,1,10.250120162963867,10.250115394592285
4,CMC200,2,-2.5824601650238037,7.402944564819336
4,CMC200,3,12.199094772338867,20.505130767822266
4,CMC200,4,-0.9973516464233398,19.303274154663086
4,CMC200,5,13.539202690124512,35.455989837646484
4,CMC200,6,-2.548255443572998,32.00422668457031
4,CMC200,7,-3.0300817489624023,28.004396438598633
4,CMC200,8,2.838101625442505,31.637287139892578
4,CMC200,9,3.8471028804779053,36.701499938964844
4,CMC200,10,3.70175838470459,41.761863708496094
4,CMC200,11,-2.5382823944091797,38.163543701171875
4,CMC200,12,-0.5480756759643555,37.40630340576172
4,CMC200,13,3.4656479358673096,42.168331146240234
4,CMC200,14,3.824551820755005,47.60563278198242
4,CMC200,15,-2.634387493133545,43.717132568359375
4,CMC200,16,3.224092721939087,48.350704193115234
4,CMC200,17,-9.506397247314453,34.24789810180664
4,CMC200,18,0.6601138114929199,35.13407897949219
4,CMC200,19,3.3161580562591553,39.6153450012207
4,CMC200,20,-2.865469455718994,35.61470413208008
4,CMC200,21,-9.619514465332031,22.56922721862793
4,CMC200,22,2.749964952468872,25.93984603881836
4,CMC200,23,-1.3731108903884888,24.210548400878906
4,CMC200,24,-1.3702011108398438,22.508609771728516
4,CMC200,25,-2.959832191467285,18.88256072998047
4,CMC200,26,-0.685121476650238,18.06807518005371
4,CMC200,27,-9.683537483215332,6.6349029541015625
4,CMC200,28,-4.278535842895508,2.0724892616271973
4,CMC200,29,-9.037324905395508,-7.152133941650391
4,CMC200,30,-6.922173500061035,-13.579225540161133
4,CMC200,31,0.37311315536499023,-13.256776809692383
4,CMC200,32,-7.111489772796631,-19.42551040649414
4,CMC200,33,6.67731237411499,-14.045297622680664
4,CMC200,34,7.1791911125183105,-7.874446868896484
4,CMC200,35,-8.70378589630127,-15.892857551574707
4,CMC200,36,-4.344306945800781,-19.546730041503906
4,CMC200,37,-8.483579635620117,-26.372045516967773
4,CMC200,38,7.758173942565918,-20.65985870361328
4,CMC200,39,-0.5789642930030823,-21.11920738220215
4,CMC200,40,-0.8026952147483826,-21.75238037109375
4,CMC200,41,3.3416330814361572,-19.137638092041016
4,CMC200,42,10.722400665283203,-10.467254638671875
4,CMC200,43,-2.6398613452911377,-12.830793380737305
4,CMC200,44,11.30191421508789,-2.9790103435516357
4,CMC200,45,-8.427141189575195,-11.155110359191895
4,CMC200,46,10.762454986572266,-1.5932202339172363
4,CMC200,47,-2.8645179271698,-4.412096977233887
4,CMC200,48,10.963509559631348,6.06769323348999
4,CMC200,49,3.9522204399108887,10.259723663330078
4,CMC200,50,-9.1659574508667,0.15336275100708008
4,CMC200,51,11.542696952819824,11.713767051696777
4,CMC200,52,12.82819938659668,26.044631958007812
4,CMC200,53,3.337743043899536,30.251670837402344
4,CMC200,54,-1.4019720554351807,28.425575256347656
4,CMC200,55,3.3876285552978516,32.776153564453125
4,CMC200,56,-9.432652473449707,20.251846313476562
4,CMC200,57,-9.145111083984375,9.254682540893555
4,CMC200,58,1.1691657304763794,10.53205680847168
4,CMC200,59,-0.4488391876220703,10.035943984985352
4,CMC200,60,9.03383731842041,19.97641372680664
4,CMC200,61,4.343310832977295,25.187360763549805
4,CMC200,62,11.831851959228516,39.99935531616211
4,CMC200,63,-1.7571240663528442,37.539398193359375
4,CMC200,64,-1.5338691473007202,35.429718017578125
4,CMC200,65,12.09061336517334,51.803993225097656
4,CMC200,66,13.634763717651367,72.50211334228516
4,CMC200,67,14.47163200378418,97.4659652709961
4,CMC200,68,15.696194648742676,128.46060180664062
4,CMC200,69,16.416324615478516,165.96543884277344
4,CMC200,70,-6.307653903961182,149.1892547607422
4,CMC200,71,-3.8966293334960938,139.47927856445312
4,CMC200,72,11.404144287109375,166.7898406982422
4,CMC200,73,12.87875747680664,201.14903259277344
4,CMC200,74,14.164970397949219,243.8067169189453
4,CMC200,75,-0.7311649322509766,241.2929229736328
4,CMC200,76,-2.4473860263824463,232.94017028808594
4,CMC200,77,0.43644291162490845,234.3932342529297
4,CMC200,78,3.343707799911499,245.57437133789062
4,CMC200,79,-9.261740684509277,213.5681915283203
4,CMC200,80,10.241522789001465,245.68234252929688
4,CMC200,81,11.856846809387207,286.6693420410156
4,CMC200,82,-8.495833396911621,253.81858825683594
4,CMC200,83,-8.680279731750488,223.10614013671875
4,CMC200,84,2.6726632118225098,231.74166870117188
4,CMC200,85,3.9680957794189453,244.90550231933594
4,CMC200,86,3.7066268920898438,257.6898193359375
4,CMC200,87,-1.5781071186065674,252.04510498046875
4,CMC200,88,-1.2888017892837524,247.50794982910156
4,CMC200,89,10.808708190917969,285.0690612792969
4,CMC200,90,-8.957892417907715,250.5749969482422
4,CMC200,91,10.47116470336914,287.2842712402344
4,CMC200,92,-8.358912467956543,254.91151428222656
4,CMC200,93,-4.3820109367370605,239.3592529296875
4,CMC200,94,-4.004530906677246,225.76951599121094
4,CMC200,95,-3.622189521789551,213.96951293945312
4,CMC200,96,-3.4684154987335205,203.07974243164062
4,CMC200,97,8.546711921691895,228.98309326171875
4,CMC200,98,-1.9120104312896729,222.69290161132812
4,CMC200,99,-1.8218580484390259,216.81390380859375
4,CMC200,100,3.6012654304504395,228.22320556640625
4,CMC200,101,-1.7992656230926514,222.31759643554688
4,CMC200,102,-2.6844167709350586,213.66526794433594
4,CMC200,103,-3.1151843070983887,203.89401245117188
4,CMC200,104,-0.5271514654159546,202.2920379638672
4,CMC200,105,3.490854024887085,212.8446044921875
4,CMC200,106,-9.689346313476562,182.5320281982422
4,CMC200,107,0.7381269931793213,184.61749267578125
4,CMC200,108,3.249938488006592,193.86740112304688
4,CMC200,109,3.755516290664673,204.90365600585938
4,CMC200,110,-9.636550903320312,175.5214385986328
4,CMC200,111,9.950849533081055,202.93817138671875
4,CMC200,112,-1.444399118423462,198.56253051757812
4,CMC200,113,-1.5309288501739502,193.99176025390625
4,CMC200,114,-2.791368007659912,185.78536987304688
4,CMC200,115,9.754403114318848,213.6620330810547
4,CMC200,116,-8.930291175842285,185.65110778808594
4,CMC200,117,2.4895427227020264,192.76251220703125
4,CMC200,118,10.801898002624512,224.3864288330078
4,CMC200,119,3.9368948936462402,237.15719604492188
4,CMC200,120,-9.418182373046875,205.40310668945312
4,CMC200,121,11.407322883605957,240.241455078125
4,CMC200,122,-8.612049102783203,210.939697265625
4,CMC200,123,10.064494132995605,242.2342071533203
4,CMC200,124,12.108266830444336,283.6728210449219
4,CMC200,125,13.440524101257324,335.2404479980469
4,CMC200,126,-2.542178153991699,324.1758728027344
4,CMC200,127,-3.3323910236358643,310.04071044921875
4,CMC200,128,2.5797111988067627,320.61859130859375
4,CMC200,129,11.657604217529297,369.65264892578125
4,CMC200,130,-8.506983757019043,329.6993713378906
4,CMC200,131,10.867633819580078,376.39752197265625
4,CMC200,132,3.9511494636535645,395.2206726074219
4,CMC200,133,-1.135939359664917,389.59527587890625
4,CMC200,134,3.370171070098877,406.095458984375
4,CMC200,135,12.341538429260254,468.5553894042969
4,CMC200,136,-2.5152640342712402,454.2547302246094
4,CMC200,137,2.904597759246826,470.3535461425781
4,CMC200,138,-1.35975980758667,462.59814453125
4,CMC200,139,-2.456932783126831,448.7754821777344
4,CMC200,140,-0.6429867744445801,445.2469482421875
4,CMC200,141,-0.9978840351104736,439.80596923828125
4,CMC200,142,10.30928897857666,495.4561767578125
4,CMC200,143,-9.080031394958496,441.3885498046875
4,CMC200,144,-8.787572860717773,393.81365966796875
4,CMC200,145,-8.165651321411133,353.49053955078125
4,CMC200,146,-6.151275157928467,325.5950927734375
4,CMC200,147,-0.17155446112155914,324.8649597167969
4,CMC200,148,5.999594211578369,350.3551025390625
4,CMC200,149,-2.993225574493408,336.8749694824219
4,CMC200,150,9.193655967712402,377.0397644042969
4,CMC200,151,-1.3801848888397217,370.45574951171875
4,CMC200,152,-2.7561819553375244,357.4891052246094
4,CMC200,153,2.9742956161499023,371.09619140625
4,CMC200,154,3.8348867893218994,389.1622009277344
4,CMC200,155,11.347033500671387,444.6675720214844
4,CMC200,156,-1.7805097103118896,434.9697265625
4,CMC200,157,12.953824043273926,504.268798828125
4,CMC200,158,-2.544654130935669,488.8922119140625
4,CMC200,159,-2.9425079822540283,471.5639953613281
4,CMC200,160,10.637925148010254,532.3665771484375
4,CMC200,161,-2.652987241744995,515.5899658203125
4,CMC200,162,3.059133768081665,534.4216918945312
4,CMC200,163,-9.375068664550781,474.9442138671875
