grupo,id,corr
candidato,0,-0.004952051594433612
candidato,1,-0.09352047824847706
candidato,2,0.20503708814900357
candidato,3,0.035339711315059016
candidato,4,0.06320673732828985
candidato,5,0.03995390183513958
candidato,6,-0.06983652416946054
candidato,7,0.021597644388835085
candidato,8,-0.01644361938336308
candidato,9,-0.03214664718838264
candidato,10,-0.0902905272261639
candidato,11,-0.02176962101292064
candidato,12,-0.09163594810731626
candidato,13,-0.09221864656378821
candidato,14,-0.03450207529949965
candidato,15,-0.04536131949243127
candidato,16,-0.013214659541126219
candidato,17,-0.011238167376181316
candidato,18,0.05615132766963664
candidato,19,-0.0013575444567433383
candidato,20,-0.0032846203491651437
candidato,21,0.015788115338945925
candidato,22,0.007147442661567505
candidato,23,-0.08162658654102556
candidato,24,0.028208988602938096
candidato,25,-0.059267025917712456
candidato,26,-0.02047647627089131
candidato,27,0.041730379962890134
candidato,28,0.09180581543834339
candidato,29,-0.015343274999800897
candidato,30,-0.032446690737403486
candidato,31,-0.0025890124766037824
candidato,32,-0.08896738423094634
candidato,33,-0.10763906449409683
candidato,34,-0.011262008535313043
candidato,35,-0.021519597546736456
candidato,36,0.09820623836587233
candidato,37,-0.11807740411275944
candidato,38,-0.006055517800562083
candidato,39,0.051075004570852796
candidato,40,-0.12992322183496938
candidato,41,0.16599054915915515
candidato,42,0.041609470934674465
candidato,43,0.05158924146539561
candidato,44,-0.0485573579630679
candidato,45,-0.008615827514691275
candidato,46,-0.01583329171448203
candidato,47,-0.04720179763397062
candidato,48,-0.09788207012916225
candidato,49,0.14908464941704488
candidato,50,-0.06277466122186241
candidato,51,-0.04091126383404873
candidato,52,0.10698505576330185
candidato,53,0.002596460505976278
candidato,54,0.019684093397163403
candidato,55,0.10418350233641255
candidato,56,0.020544717024440443
candidato,57,0.06108181823632353
candidato,58,0.0674346203595207
candidato,59,-0.021734231586583542
candidato,60,0.016816426659371962
candidato,61,0.0491139298407601
candidato,62,-0.06730608671591866
candidato,63,0.056398146593182395
candidato,64,0.03045505996049602
candidato,65,-0.031203002368783952
candidato,66,-0.03281038607043446
candidato,67,-0.045280934528274946
candidato,68,-0.026354737249053968
candidato,69,0.010829998952628362
candidato,70,0.08109771430598828
candidato,71,-0.0942488221052972
candidato,72,0.20007061878524648
candidato,73,0.1089841447571196
candidato,74,0.08197225828889144
candidato,75,-0.07909436606863379
candidato,76,0.09183963832170103
candidato,77,0.04205867997360602
candidato,78,0.03604872091914357
candidato,79,0.17021836142267752
candidato,80,-0.033323526806910794
candidato,81,0.10025682925044295
candidato,82,-0.13103356450205966
candidato,83,0.1589354823361467
candidato,84,0.11228810015583053
candidato,85,-0.07961900682914333
candidato,86,-0.027772945177610725
candidato,87,0.10156948475781244
candidato,88,-0.09336320666936371
candidato,89,-0.03742284946257798
candidato,90,0.03732258616078398
candidato,91,0.02501793765187059
candidato,92,-0.023170577527914963
candidato,93,0.011959107874842488
candidato,94,0.07068880108856868
candidato,95,-0.04673050102584703
candidato,96,-0.05832290925832786
candidato,97,-0.07901184252736851
candidato,98,0.08689396367772331
candidato,99,0.062388351413469684
candidato,100,-0.07101592321069405
candidato,101,-0.053032946162370115
candidato,102,0.08548622243553207
candidato,103,0.04427605512552128
candidato,104,0.09487974092441984
candidato,105,0.09090731475192963
candidato,106,-0.07189763570920843
candidato,107,0.004897363394291162
candidato,108,-0.04857456025621099
candidato,109,0.01721984079515527
candidato,110,-0.030300728916616372
candidato,111,-0.09218806907933168
candidato,112,-0.03005326170830853
candidato,113,-0.014661119128582078
candidato,114,0.13081271692923419
candidato,115,0.061542127970844435
candidato,116,0.04341227322376972
candidato,117,-0.014451421838755838
candidato,118,0.0937914199871531
candidato,119,-0.09519793035726234
candidato,120,-0.043705892969506104
candidato,121,0.10487968268030266
candidato,122,0.025191439640995784
candidato,123,0.04560009107779497
candidato,124,0.15945299073005884
candidato,125,-0.08098167598554971
candidato,126,-0.043499696092445805
candidato,127,0.11975297273641297
candidato,128,0.13896323598536747
candidato,129,-0.07980992234734063
candidato,130,-0.0981350665970968
candidato,131,0.013528151360338119
candidato,132,0.08490733112432322
candidato,133,-0.18383583883560273
candidato,134,-0.15944594562833087
candidato,135,0.04672796800705258
candidato,136,-0.035142753522974184
candidato,137,-0.06814610967105177
candidato,138,-0.00861400647811816
candidato,139,-0.234733186777781
candidato,140,-0.22323443208697552
candidato,141,-0.10090399679313324
candidato,142,0.08468117594344232
candidato,143,0.10526864149232412
candidato,144,-0.052493030297732925
candidato,145,-0.055020237783097795
candidato,146,-0.07581023753320873
candidato,147,-0.07219207643958503
candidato,148,0.06874810981933306
candidato,149,-0.1358132756173943
candidato,150,-0.028848580233563462
candidato,151,-0.1320006879903213
candidato,152,0.031024245983946826
candidato,153,0.024745642807920614
candidato,154,-0.014767793321836396
candidato,155,-0.09738598462020819
candidato,156,-0.018733190527174714
candidato,157,0.13747650009187964
candidato,158,-0.005625749133721364
candidato,159,-0.05325935396038507
candidato,160,-0.0010500242299487756
candidato,161,0.14288441696477872
candidato,162,-0.04868298930429689
candidato,163,-0.00908124252184573
candidato,164,0.04698822659674183
candidato,165,0.059580363806862914
candidato,166,-0.06668259805528473
candidato,167,0.07486879056544757
candidato,168,-0.05985418884273923
candidato,169,0.058685658338410156
candidato,170,-0.136339519342121
candidato,171,-0.03275957955011929
candidato,172,0.0010339119600824335
candidato,173,0.06610573440739717
candidato,174,-0.15076457109890257
candidato,175,-0.028468775621633288
candidato,176,-0.08750116027487592
candidato,177,0.022032004611616498
candidato,178,-0.12953173452009065
candidato,179,-0.018520100348524717
candidato,180,0.19430410302311535
candidato,181,0.002485131083833314
candidato,182,0.009895253788227447
candidato,183,-0.0013511416108719565
candidato,184,-0.14253433465852458
candidato,185,-0.056362079864305054
candidato,186,0.09080722380174744
candidato,187,0.10717215455003734
candidato,188,-0.027549859263408208
candidato,189,-0.1584647629443655
candidato,190,-0.12760079718922476
candidato,191,0.03637457351146427
candidato,192,0.03338503346509209
candidato,193,-0.0780394546938674
candidato,194,-0.022779978634983204
candidato,195,0.1572040142520895
candidato,196,-0.07710486195002521
candidato,197,-0.12592276093301016
candidato,198,-0.05243149002616444
candidato,199,0.0510213029176424
candidato,200,-0.0666138188495328
candidato,201,-0.11769610094339114
candidato,202,-0.03882401769328326
candidato,203,0.19216252691942545
candidato,204,0.031498453202873665
candidato,205,0.059794889674441146
candidato,206,-0.03520508192817562
candidato,207,-0.009678378575288525
candidato,208,-0.19523823782498562
candidato,209,0.04676230791529216
candidato,210,-0.09846937125375903
candidato,211,-0.04245305711210229
candidato,212,-0.12646941692973787
candidato,213,0.03211867815132203
candidato,214,-0.09298740637637604
candidato,215,0.02162427551747681
candidato,216,-0.03297676814362072
candidato,217,0.030251025216345182
candidato,218,-0.0024763186754857705
candidato,219,-0.004612058328750872
candidato,220,-0.022521734333641307
candidato,221,0.019675292931281042
candidato,222,0.014579745830845531
candidato,223,0.08289721470118971
candidato,224,-0.009074797195410373
candidato,225,0.06264144745255673
candidato,226,0.13223733475426672
candidato,227,0.07395850668696852
candidato,228,0.1782310550775845
candidato,229,-0.13042112427923078
candidato,230,0.2526847102241157
candidato,231,-0.0028475499029965465
candidato,232,-0.13751007734211845
candidato,233,0.03602554214843023
candidato,234,-0.07106693507521947
candidato,235,0.00933391192592087
candidato,236,0.16428033414654114
candidato,237,-0.038334395327171186
candidato,238,-0.03653352152677079
candidato,239,-0.031597061681800945
candidato,240,0.01710472655854814
candidato,241,-0.05850337795652109
candidato,242,0.03314465560978526
candidato,243,-0.03310271016417107
candidato,244,-0.03461250505320161
candidato,245,0.04288356939614366
candidato,246,0.009643685201470327
candidato,247,-0.024118535700792636
candidato,248,0.05888428220357425
candidato,249,-0.036275976077966954
candidato,250,0.07164371785357017
candidato,251,0.06038911089649448
candidato,252,-0.028231581056450367
candidato,253,0.006200901899870773
candidato,254,-0.11375779690700567
candidato,255,-0.043800212562692765
candidato,256,-0.07386702883238587
candidato,257,-0.019164331707207476
candidato,258,-0.024115449600275035
candidato,259,0.04986621042904165
candidato,260,0.07044234105784214
candidato,261,0.05205839666512209
candidato,262,-0.09955037023054855
candidato,263,-0.019935320242633312
candidato,264,-0.0561570316454867
candidato,265,0.016360824916502103
candidato,266,-0.10273620231577726
candidato,267,0.12220907925323243
candidato,268,-0.0386657092006974
candidato,269,0.024497498205166016
candidato,270,0.012404904709600597
candidato,271,0.04704553863098961
candidato,272,-0.02960367162571403
candidato,273,0.14831125856369007
candidato,274,-0.1426910037362328
candidato,275,-0.09458795954024073
candidato,276,0.1770457178384886
candidato,277,0.035347117237646185
candidato,278,0.1683491579149514
candidato,279,-0.0003563538354747669
candidato,280,-0.10742066520915465
candidato,281,-0.010602755769910793
candidato,282,-0.039664375994480125
candidato,283,-0.013904049473653432
candidato,284,-0.04374309367143629
candidato,285,0.015680905504353113
candidato,286,-0.030915035721840345
candidato,287,-0.1283484883101428
candidato,288,-0.04711221814994287
candidato,289,-0.025305633947258616
candidato,290,0.12226657928354862
candidato,291,-0.0067174476203552234
candidato,292,0.042850710089814406
candidato,293,-0.08519673374042104
candidato,294,0.04140183629684549
candidato,295,0.04502329083859028
candidato,296,0.037448476149935475
candidato,297,-0.04875829440578037
candidato,298,0.008225028742431152
candidato,299,-0.049990800158066
candidato,300,-0.002523863420787659
candidato,301,-0.21484168560550393
candidato,302,0.03161429103509124
candidato,303,0.005292783011811338
candidato,304,0.028493702836990042
candidato,305,-0.04057673521443676
candidato,306,0.17266109418625344
candidato,307,0.09120987042295367
candidato,308,0.03491513928097394
candidato,309,-0.008209222805908224
candidato,310,-0.08139315449620864
candidato,311,0.08110437608966284
candidato,312,-0.00809887628979079
candidato,313,-0.05845952830971564
candidato,314,0.013856189640467413
candidato,315,-0.03390525584859391
candidato,316,0.021906502031760908
candidato,317,-0.04987340908870726
candidato,318,-0.01573991981982349
candidato,319,0.06203540893081715
candidato,320,-0.10481869473317713
candidato,321,0.008588470905170315
candidato,322,-0.1468985953352471
candidato,323,0.06461615897603618
candidato,324,0.040897751498085534
candidato,325,-0.027771237627359828
candidato,326,-0.0039357544846502085
candidato,327,0.049714460048026356
candidato,328,-0.00039066918807383066
candidato,329,-0.00646861737792573
candidato,330,-0.11855037106063457
candidato,331,-0.09299146181050207
candidato,332,0.021297616017637723
candidato,333,0.08266641148085542
candidato,334,-0.12488086768977873
candidato,335,-0.04714098153231737
candidato,336,-0.12413642177988285
candidato,337,0.14964650421624906
candidato,338,0.04161190627928001
candidato,339,0.03645361152398315
candidato,340,-0.01065935576599721
candidato,341,0.05962963930817358
candidato,342,-0.12877765932408136
candidato,343,0.08756263308844393
candidato,344,-0.04336800081904823
candidato,345,0.08735066532616535
candidato,346,0.051764434294316375
candidato,347,-0.03466506905435814
candidato,348,0.033926194136114446
candidato,349,-0.038010428431309196
candidato,350,-0.032097490178589996
candidato,351,-0.05733282859264957
candidato,352,-0.15716716474439105
candidato,353,-0.016066492146268912
candidato,354,-0.01134818823891783
candidato,355,-0.07433446205891313
candidato,356,-0.09874177166840972
candidato,357,-0.06468694042608562
candidato,358,-0.09450566819809883
candidato,359,-0.0417000373130548
candidato,360,0.12108754874694196
candidato,361,-0.022916415051706607
candidato,362,0.049869233554524654
candidato,363,0.11574235642452113
candidato,364,0.03037363369251549
candidato,365,-0.15652959336510966
candidato,366,-0.03688176844998174
candidato,367,0.10303759352968718
candidato,368,-0.01978569793529865
candidato,369,-0.04463781228946538
candidato,370,0.08442858429300835
candidato,371,-0.06615975215843817
candidato,372,0.01157649845756471
candidato,373,-0.07803053549539204
candidato,374,-0.06218903014516415
candidato,375,0.04474976875670644
candidato,376,-0.045797755647253656
candidato,377,0.07485944069988651
candidato,378,-0.11986833350701048
candidato,379,-0.020333742709790544
candidato,380,-0.08874176107390885
candidato,381,-0.129570751033575
candidato,382,-0.06738874191752932
candidato,383,-0.031890995672342326
candidato,384,-0.07842246158787347
candidato,385,0.0608864592298959
candidato,386,-0.036205465719712955
candidato,387,0.00578382592791791
candidato,388,0.14981453706011127
candidato,389,-0.026025107730611466
candidato,390,0.07755049920811935
candidato,391,-0.0828325291708073
candidato,392,0.0608250780909328
candidato,393,-0.047696475483376376
candidato,394,0.1050921259381679
candidato,395,-0.08973575212961775
candidato,396,-0.014824995073564367
candidato,397,0.004772451545863854
candidato,398,0.036404763513818106
candidato,399,-0.0020955321185384336
candidato,400,-0.05445547340473076
candidato,401,0.029780924295654727
candidato,402,0.12299053390928599
candidato,403,-0.056315439913429265
candidato,404,-0.003457609121041725
candidato,405,-0.07805562214553727
candidato,406,0.027910573979048746
candidato,407,0.031235350003135494
candidato,408,0.030598974531784416
candidato,409,-0.048107405959678336
candidato,410,-0.01964300788067405
candidato,411,-0.006968748247017645
candidato,412,0.14841779011198797
candidato,413,-0.03291140503215997
candidato,414,0.06182249066465537
candidato,415,0.055484098621734486
candidato,416,-0.008981764538984562
candidato,417,0.05358767705598705
candidato,418,0.06296614108913004
candidato,419,-0.047106577412580626
candidato,420,0.08128707217710118
candidato,421,0.045052222332441084
candidato,422,-0.07421662791864529
candidato,423,0.0600288069544944
candidato,424,-0.007720063460435386
candidato,425,-0.05629463771295136
candidato,426,-0.09989439554261001
candidato,427,-0.15697471424357165
candidato,428,0.012045616679956404
candidato,429,0.035102778564411165
candidato,430,-0.023851975413061832
candidato,431,0.10406367627486895
candidato,432,-0.003985600322657119
candidato,433,-0.208115355717615
candidato,434,-0.04276013943567253
candidato,435,-0.04544348034061706
candidato,436,-0.06046979615593648
candidato,437,0.12313665788354954
candidato,438,0.08766492849545982
candidato,439,-0.0049769607150433656
candidato,440,0.013897763212502393
candidato,441,0.17899385987246144
candidato,442,-0.16826292530263276
candidato,443,-0.044368183081128214
candidato,444,-0.09201327033210155
candidato,445,-0.1070808648242868
candidato,446,0.022051127322111105
candidato,447,0.058317248904052585
candidato,448,0.031285239484536376
candidato,449,0.009923190560879699
candidato,450,0.10102192974744233
candidato,451,-0.013106461063556793
candidato,452,-0.07630429893252413
candidato,453,0.08920147823537718
candidato,454,0.08991561495468184
candidato,455,-0.02834728700607988
candidato,456,0.09143465043689682
candidato,457,-0.02468267452026735
candidato,458,-0.006064545373924724
candidato,459,0.19766415072600033
candidato,460,-0.004389907639720589
candidato,461,-0.14044871040246648
candidato,462,0.014113330536749387
candidato,463,-0.0989568639023903
candidato,464,-0.04887815850709191
candidato,465,0.07672405939629512
candidato,466,-0.09351635320656211
candidato,467,0.02232470578565922
candidato,468,0.06447655136586934
candidato,469,0.07459603870310486
candidato,470,0.0002346633338277138
candidato,471,-0.02762261291224025
candidato,472,0.02251456075698616
candidato,473,0.10692717223456982
candidato,474,-0.10362058994600512
candidato,475,0.07633237730153011
candidato,476,-0.09336867836250157
candidato,477,-0.014440386269837052
candidato,478,-0.025194971503838592
candidato,479,0.0032523922571921255
candidato,480,-0.04117770962290755
candidato,481,-0.09738085349346197
candidato,482,-0.12433214771747556
candidato,483,-0.0703106965124225
candidato,484,-0.10524670866581164
candidato,485,0.051787467253404385
candidato,486,0.029809600012605717
candidato,487,-0.027594292829102557
candidato,488,0.005350525841004502
candidato,489,0.09515220787359792
candidato,490,0.0392413001087104
candidato,491,0.1417804033950415
candidato,492,0.016590371023968497
candidato,493,0.014685216988911726
candidato,494,0.014869958253738247
candidato,495,-0.045422061197509425
candidato,496,0.015352476873132848
candidato,497,0.08851873581956603
candidato,498,-0.0027772256822798497
candidato,499,0.03960167020135267
candidato,500,-0.07518865986066132
candidato,501,0.08785858698292633
candidato,502,-0.06057533340595839
candidato,503,-0.029139456974897386
candidato,504,0.09690615459969801
candidato,505,-0.0905941354923409
candidato,506,-0.04941285629081053
candidato,507,0.12291463005941311
candidato,508,-0.11721664400850493
candidato,509,-0.07212680084430227
candidato,510,0.04152071666529899
candidato,511,-0.021867398686502556
candidato,512,0.01731535305785737
candidato,513,0.04781860937334293
candidato,514,-0.08804559903763917
candidato,515,-0.01952876747352072
candidato,516,-0.0005257789471342012
candidato,517,-0.09165076119784483
candidato,518,-0.04608329638575632
candidato,519,0.023417767402083144
candidato,520,-0.2368264696072631
candidato,521,-0.010694121470183416
candidato,522,-0.026778104100472253
candidato,523,-0.045982679326832906
candidato,524,-0.14025374055765882
candidato,525,0.05672211604562074
candidato,526,-0.08902287665937415
candidato,527,-0.03444552018931826
candidato,528,0.09366424145287439
candidato,529,0.0790997871537189
candidato,530,-0.07443325580617578
candidato,531,0.09994157905323837
candidato,532,-0.1327611186779852
candidato,533,-0.01846204112513464
candidato,534,0.05546912505502404
candidato,535,0.048201716083427694
candidato,536,-0.008736204859060294
candidato,537,0.05440949397132557
candidato,538,0.046808880173479395
candidato,539,-0.026481537632231916
candidato,540,0.019365911067563555
candidato,541,-0.0824555492961467
candidato,542,0.059566508111201726
candidato,543,0.16048569655789238
candidato,544,0.06646024704925255
candidato,545,0.02441938729941381
candidato,546,-0.07288663489572252
candidato,547,-0.02428598081124143
candidato,548,0.016078176201290383
candidato,549,0.03991046909315567
candidato,550,-0.08779615086678168
candidato,551,0.07523564013183905
candidato,552,0.07417231572308348
candidato,553,-0.08567277806469499
candidato,554,-0.05586378168775109
candidato,555,-0.037535104331374754
candidato,556,0.07381976586082963
candidato,557,0.011311043754185207
candidato,558,0.010023585525374058
candidato,559,-0.0031068203189211115
candidato,560,-0.1397149688606498
candidato,561,-0.026194656676070162
candidato,562,-0.1816525869469241
candidato,563,-0.07323210671350446
candidato,564,0.0025929310770304312
candidato,565,-0.009597089353340334
candidato,566,-0.004434118278508176
candidato,567,-0.00506039574608363
candidato,568,-0.040810631761479
candidato,569,-0.14447887595504175
candidato,570,0.00940527186674792
candidato,571,-0.11968828596623478
candidato,572,0.012222151725399415
candidato,573,-0.07911886492836144
candidato,574,-0.08755469203281131
candidato,575,0.014188210498033644
candidato,576,0.14603208043075117
candidato,577,0.04910398898424839
candidato,578,0.0436328132566978
candidato,579,-0.07856287809373533
candidato,580,-0.06962413723056078
candidato,581,0.05917382233956619
candidato,582,0.1263447259306059
candidato,583,0.07874384564650137
candidato,584,-0.11590419594379928
candidato,585,-0.14193897761681853
candidato,586,-0.08435172233699993
candidato,587,0.08182069811268482
candidato,588,-0.0803576890626734
candidato,589,0.048918620735136475
candidato,590,0.04764924952261149
candidato,591,-0.11112944065632616
candidato,592,0.08609154071949299
candidato,593,-0.12033747387652317
candidato,594,-0.09863290951205467
candidato,595,0.03204342153996716
candidato,596,-0.0470256298390479
candidato,597,-0.040766267858969286
candidato,598,0.03063741580904426
candidato,599,-0.008412894661242601
candidato,600,-0.004650131441822301
candidato,601,0.06026641156675894
candidato,602,-0.11023808428973246
candidato,603,-0.05048717398899584
candidato,604,0.012998854892186466
candidato,605,0.0769359422089091
candidato,606,-0.06218800112271578
candidato,607,0.04071262642338205
candidato,608,-0.0192525448694516
candidato,609,-0.09432858907978664
candidato,610,0.06395542223492942
candidato,611,0.07213967813123608
candidato,612,-0.034305945998568836
candidato,613,0.11105444618007444
candidato,614,0.16167976062888945
candidato,615,0.014425051229255586
candidato,616,0.05939675548387502
candidato,617,0.13121359401949068
candidato,618,-0.004504321933592631
candidato,619,0.01679235485971374
candidato,620,0.17247771540803492
candidato,621,0.21243144331111996
candidato,622,-0.14955170746939492
candidato,623,0.045693211227312965
candidato,624,-0.05796205310152691
candidato,625,-0.21269231334548802
candidato,626,-0.12566337088031423
candidato,627,-0.01293125781055802
candidato,628,-0.18224022280702468
candidato,629,0.03377335482174306
candidato,630,0.04931804320218091
candidato,631,0.002798350286286052
candidato,632,0.007164359472505015
candidato,633,0.06923672239962284
candidato,634,-0.15754933573130728
candidato,635,-0.027943703848929084
candidato,636,-0.06038425657743963
candidato,637,-0.0602212729623237
candidato,638,-0.024042368139413357
candidato,639,-0.04049705275439718
candidato,640,-0.10552328150831607
candidato,641,0.021549775644256138
candidato,642,0.022205028508570226
candidato,643,0.06119650098085237
candidato,644,-0.11827034413662847
candidato,645,0.03501065451527604
candidato,646,-0.042178250448116905
candidato,647,0.18526890458168044
candidato,648,0.04128881860620624
candidato,649,-0.016830153118474963
candidato,650,0.06661189199987544
candidato,651,-0.10198444325160191
candidato,652,-0.07813777596104005
candidato,653,-0.06468118472858733
candidato,654,-0.0073178398189825
candidato,655,0.04979715878861081
candidato,656,-0.09119832358634801
candidato,657,-0.09587321400682719
candidato,658,0.054636777455588446
candidato,659,0.09553790621538792
candidato,660,-0.06187990973460028
candidato,661,-0.03732939676949915
candidato,662,0.01814620126630859
candidato,663,0.24345891788632662
candidato,664,-0.006787733884314718
candidato,665,-0.020896702862904407
candidato,666,0.1128960294182296
candidato,667,-0.15984157209667596
candidato,668,0.04448306480125969
candidato,669,0.034516870464437154
candidato,670,0.00714306252010765
candidato,671,0.16603430606658562
candidato,672,-0.00023896205170917116
candidato,673,0.0014769389206891416
candidato,674,-0.0325956399904832
candidato,675,-0.050679833645027844
candidato,676,-0.03512558611993789
candidato,677,0.0561741204826816
candidato,678,-0.10536383782351916
candidato,679,-0.12056956153149027
candidato,680,-0.084993550858787
candidato,681,0.007327435690816113
candidato,682,0.01010626526034895
candidato,683,-0.01913772595508803
candidato,684,0.07302790849160315
candidato,685,0.04434465972298097
candidato,686,0.08529985343423215
candidato,687,-0.09648988918932415
candidato,688,-0.04507835765658097
candidato,689,-0.04308309097808907
candidato,690,-0.05408713098209066
candidato,691,-0.15364551682341773
candidato,692,-0.02001076746248043
candidato,693,0.0036165886146087615
candidato,694,0.0016843767338889032
candidato,695,0.0019188450390305325
candidato,696,0.02761648187360343
candidato,697,-0.006873857269031315
candidato,698,-0.0025583764642339107
candidato,699,0.03396007015142643
candidato,700,0.07291367939205827
candidato,701,0.056335879656339655
candidato,702,-0.11983383444886742
candidato,703,-0.06439453171413724
candidato,704,0.11535986593845034
candidato,705,-0.060445588522834194
candidato,706,-0.11121433486556667
candidato,707,-0.024434304096219467
candidato,708,0.14914255971355572
candidato,709,-0.10622277349679803
candidato,710,-0.07487671926995121
candidato,711,-0.02010622792220764
candidato,712,-0.021101460475948398
candidato,713,0.00937390609579757
candidato,714,-0.05542888736588235
candidato,715,0.2528590518686751
candidato,716,-0.06445283938241078
candidato,717,-0.0213284290727814
candidato,718,0.04361918991978344
candidato,719,0.027495539071456018
candidato,720,0.12794224222007128
candidato,721,-0.014492143631674234
candidato,722,0.03583187407591223
candidato,723,0.015126842515746962
candidato,724,-0.032489545712699255
candidato,725,-0.06911162073052057
candidato,726,0.054976507527097644
candidato,727,-0.13069818024169746
candidato,728,0.22396609832140518
candidato,729,-0.07153306505987328
candidato,730,0.053449431069989485
candidato,731,-0.03325726088948964
candidato,732,0.05614977280809278
candidato,733,-0.0656705468212104
candidato,734,0.0014073236806500854
candidato,735,-0.02649333446533218
candidato,736,0.02549795771173812
candidato,737,-0.066779630213483
candidato,738,0.00617947006348569
candidato,739,-0.09914475391250502
candidato,740,0.09945489905946478
candidato,741,-0.18262411912190557
candidato,742,-0.0010622394895010074
candidato,743,0.07687878115654784
candidato,744,0.0870863352203561
candidato,745,0.13891069291927804
candidato,746,-0.24199260663672084
candidato,747,-0.09887959117258444
candidato,748,0.02306052148616023
candidato,749,-0.022413550437933603
candidato,750,0.09241617603546283
candidato,751,0.015191999047316784
candidato,752,0.16813952026913437
candidato,753,0.11231845629450735
candidato,754,0.1194120240130358
candidato,755,-0.11148676973619083
candidato,756,0.004435882772194047
candidato,757,0.1116356740452374
candidato,758,0.14148386809433175
candidato,759,-0.04692675342547432
candidato,760,-0.009440747404595166
candidato,761,0.016810151553471587
candidato,762,-0.11552231267073292
candidato,763,0.11068794129890362
candidato,764,-0.04939603426947661
candidato,765,0.052541875840502864
candidato,766,-0.04114716857699814
candidato,767,0.045792974542096444
candidato,768,0.05423644729437961
candidato,769,0.032081411982697684
candidato,770,-0.13636264230536818
candidato,771,-0.0704005774379472
candidato,772,0.20756591278492023
candidato,773,0.022204055231374083
candidato,774,0.0014944796660031066
candidato,775,-0.06877297440909809
candidato,776,0.13217478277344272
candidato,777,0.07461189795129952
candidato,778,0.09712773140702122
candidato,779,0.029062514137217735
candidato,780,0.09108504240647816
candidato,781,-0.018639001185352055
candidato,782,0.025656855567770847
candidato,783,0.04096369459220607
candidato,784,-0.09045269089975064
candidato,785,-0.02465072561707721
candidato,786,-0.0758258959257111
candidato,787,-0.007196717293267512
candidato,788,-0.20041728370406733
candidato,789,0.00905958900453851
candidato,790,-0.05304803767128496
candidato,791,0.05488662222880927
candidato,792,-0.006567032174475828
candidato,793,-0.010802698903359881
candidato,794,0.1753085074947901
candidato,795,-0.029014704311604973
candidato,796,-0.11420617205374979
candidato,797,0.010733227052725513
candidato,798,0.04308359352
candidato,799,0.09037676935661468
candidato,800,-0.09801933843086917
candidato,801,-0.003744555355475962
candidato,802,-0.042442085493595676
candidato,803,-0.10510900060187495
candidato,804,-0.02318395273749533
candidato,805,0.010016910013669396
candidato,806,-0.05630658874652449
candidato,807,-0.0851160906194278
candidato,808,-0.04012955166402904
candidato,809,0.18125043828552542
candidato,810,0.022283741871725618
candidato,811,-0.029081745023880005
candidato,812,0.057968475096164866
candidato,813,-0.13451412949696118
candidato,814,-0.04982163063400645
candidato,815,0.05561588888367979
candidato,816,0.09491439385763742
candidato,817,-0.02067922957165782
candidato,818,0.03773244351380007
candidato,819,0.035740614395622775
candidato,820,0.0037888448225574605
candidato,821,-0.03081224124026711
candidato,822,-0.05325301635925574
candidato,823,-0.01845043034395609
candidato,824,0.025209713177588203
candidato,825,-0.02366482638806002
candidato,826,0.08414722148061521
candidato,827,-0.040031355879252224
candidato,828,-0.06167014851824135
candidato,829,-0.03929080837004327
candidato,830,-0.03796625363087688
candidato,831,0.06966297101404469
candidato,832,-0.04230172321904844
candidato,833,0.1343169756269671
candidato,834,0.05141784692345691
candidato,835,0.04620531556006351
candidato,836,-0.03959866444690769
candidato,837,0.06463932415634809
candidato,838,-0.12728652061059406
candidato,839,-0.05192604059857938
candidato,840,0.10696006228828162
candidato,841,-0.06775333546631687
candidato,842,-0.028302560794136546
candidato,843,-0.026425586305844767
candidato,844,0.08663766558143167
candidato,845,-0.024438351828995335
candidato,846,-0.08040184932119714
candidato,847,-0.021540901203966976
candidato,848,-0.01730912077261674
candidato,849,0.10137715606641648
candidato,850,0.08019893512279384
candidato,851,0.0025582661086377525
candidato,852,-0.003996987541111262
candidato,853,-0.01397628809317135
candidato,854,-0.0954184198109316
candidato,855,-0.03572930830986159
candidato,856,-0.016672171968725825
candidato,857,0.004840549920265695
candidato,858,-0.005218951418540625
candidato,859,0.06301358858108375
candidato,860,-0.11718677482161445
candidato,861,0.035940211220156185
candidato,862,-0.0962079487616681
candidato,863,0.03902728015329537
candidato,864,0.03261128370406185
candidato,865,0.02407555654727027
candidato,866,0.00781994546211638
candidato,867,-0.02392426233223183
candidato,868,-0.059613589751102945
candidato,869,-0.026014113837123664
candidato,870,-0.018517268844621498
candidato,871,0.06572697011041503
candidato,872,0.02913590370531449
candidato,873,0.018633360251291135
candidato,874,0.035928572274672395
candidato,875,-0.06960666384477118
candidato,876,0.04215561373733986
candidato,877,0.10561917837799172
candidato,878,-0.020053908037340033
candidato,879,-0.08951059844701502
candidato,880,-0.11109800131261169
candidato,881,0.004882551277386899
candidato,882,0.05023780869798426
candidato,883,-0.003236438226989571
candidato,884,0.10307710149855276
candidato,885,0.08178205827795404
candidato,886,0.026712863147644674
candidato,887,0.04215188485095727
candidato,888,0.005729193471026043
candidato,889,0.04380382023775952
candidato,890,-0.014953487363163693
candidato,891,0.01151670220048912
candidato,892,0.08929434036081124
candidato,893,-0.12399080345394028
candidato,894,0.06369974663061502
candidato,895,0.03020816074122961
candidato,896,0.011254634249397476
candidato,897,-0.0696349455284317
candidato,898,-0.13859289602923155
candidato,899,-0.06583857724031658
candidato,900,-0.14723468165735099
candidato,901,-0.035007737781316065
candidato,902,0.06918882400409661
candidato,903,-0.10820504155725241
candidato,904,-0.07413280738210173
candidato,905,-0.055783645178004895
candidato,906,-0.019963471134398787
candidato,907,0.05861131925320343
candidato,908,0.036634027943899375
candidato,909,-0.00014283611552291748
candidato,910,0.05557195437457604
candidato,911,-0.03392017033575527
candidato,912,-0.08655293607170898
candidato,913,-0.06689522571984895
candidato,914,-0.02047389565948849
candidato,915,-0.015989667212148166
candidato,916,0.10894094118216502
candidato,917,-0.027318082093437134
candidato,918,0.023522210401224545
candidato,919,-0.02496598160693576
candidato,920,-0.043941871141955004
candidato,921,-0.058191421469869116
candidato,922,0.015336911437042952
candidato,923,-0.00030567956547658797
candidato,924,0.06480417656312172
candidato,925,0.025735444297720837
candidato,926,0.09509993237412138
candidato,927,0.1330320603144243
candidato,928,0.09014979831979555
candidato,929,-0.15363550003283627
candidato,930,-0.04037213838938812
candidato,931,0.10084349846402473
candidato,932,0.09686710250091783
candidato,933,-0.02765452022695835
candidato,934,0.034324678171331224
candidato,935,0.04369141145304706
candidato,936,-0.06042241137216651
candidato,937,-0.1400472117730347
candidato,938,-0.0008816032351200276
candidato,939,-0.04862813089360757
candidato,940,0.06702197393002503
candidato,941,-0.0339144000686179
candidato,942,-0.1812721572605865
candidato,943,0.04326837331683513
candidato,944,0.038156576705414995
candidato,945,-0.0909974664629279
candidato,946,-0.08290764546639313
candidato,947,0.11752733095022148
candidato,948,0.03353696807591524
candidato,949,0.08072030366749572
candidato,950,0.04821968921567472
candidato,951,0.05963883617616399
candidato,952,-0.03175436586456615
candidato,953,0.07423334175153896
candidato,954,-0.010773829606824567
candidato,955,-0.1140607834301208
candidato,956,0.07877006318328968
candidato,957,0.017317635290974312
candidato,958,-0.034535620383901774
candidato,959,0.008480107223563653
candidato,960,-0.13013213571572188
candidato,961,0.045420760268934074
candidato,962,0.10220244695927891
candidato,963,-0.0524541595370046
candidato,964,-0.05522969375397576
candidato,965,0.09087749728555317
candidato,966,-0.021290929025260707
candidato,967,0.006930959861408861
candidato,968,0.11129468007544528
candidato,969,-0.07072962831563438
candidato,970,-0.04983506697327432
candidato,971,0.015185450531712191
candidato,972,0.04235039083783503
candidato,973,0.021896118691713744
candidato,974,-0.15918561913779974
candidato,975,-0.01086073310834614
candidato,976,0.0343369067556482
candidato,977,-0.039904578991469986
candidato,978,-0.024530696003730586
candidato,979,-0.024336699294407738
candidato,980,-0.1247549622114859
candidato,981,0.0358909275392096
candidato,982,-0.06436965467468472
candidato,983,-0.08326284144912662
candidato,984,0.04308065625006772
candidato,985,0.015891096069566138
candidato,986,-0.030839451958085996
candidato,987,-0.08709706431428856
candidato,988,0.11543347891030231
candidato,989,-0.031769147865383617
candidato,990,0.05334282280130892
candidato,991,-0.08645804250698462
candidato,992,0.09672944234040125
candidato,993,0.18795803874453737
candidato,994,0.10143688497382689
candidato,995,-0.08912723854723091
candidato,996,-0.0781169098022691
candidato,997,0.13771737034471782
candidato,998,-0.020660420678554937
candidato,999,-0.008180890725136397
rep,1,-0.015343274999800897
rep,2,-0.1320006879903213
rep,3,-0.0010500242299487756
rep,4,0.09080722380174744
rep,5,0.08019893512279384
historico,0,0.31066942189774954
